"id","property_id","path","alt"
"7760","65","https://fcr.ca/uploads/properties/gallery/CRS976_Ground1.jpg",
"7761","65","https://fcr.ca/uploads/properties/gallery/CRS976_Ground2.jpg",
"7762","65","https://fcr.ca/uploads/properties/gallery/CRS976_Ground3.jpg",
"7763","65","https://fcr.ca/uploads/properties/gallery/CRS976_Aerial1.jpg",
"7764","65","https://fcr.ca/uploads/properties/gallery/CRS976_Aerial2.jpg",
"8060","85","https://fcr.ca/uploads/properties/gallery/CSH401_Ground1.JPG",
"8061","85","https://fcr.ca/uploads/properties/gallery/CSH401_Ground2.JPG",
"8062","86","https://fcr.ca/uploads/properties/gallery/CSH400_Ground1.JPG",
"8063","86","https://fcr.ca/uploads/properties/gallery/CSH400_Ground2.JPG",
"8064","86","https://fcr.ca/uploads/properties/gallery/CSH400_Ground3.JPG",
"8065","86","https://fcr.ca/uploads/properties/gallery/CSH400_Ground4.JPG",
"8066","86","https://fcr.ca/uploads/properties/gallery/CSH400_Ground5.JPG",
"8067","86","https://fcr.ca/uploads/properties/gallery/CSH400_Aerial1.jpg",
"8068","86","https://fcr.ca/uploads/properties/gallery/CSH400_Aerial2.jpg",
"8848","49","https://fcr.ca/uploads/properties/gallery/CLD662_Ground2.jpg",
"8849","49","https://fcr.ca/uploads/properties/gallery/CLD662_Ground1.jpg",
"8851","275","https://fcr.ca/uploads/properties/gallery/1-Bloor-East_ground1.jpg",
"8852","275","https://fcr.ca/uploads/properties/gallery/1-Bloor-East_ground2.jpg",
"8853","275","https://fcr.ca/uploads/properties/gallery/1-Bloor-East_hero.jpg",
"8854","275","https://fcr.ca/uploads/properties/gallery/1-Bloor-East_aerial.jpg",
"10395","52","https://fcr.ca/uploads/properties/gallery/CMC157_Ground1.JPG",
"10396","52","https://fcr.ca/uploads/properties/gallery/CMC157_Ground2.JPG",
"10397","52","https://fcr.ca/uploads/properties/gallery/CMC157_Ground4.JPG",
"10398","52","https://fcr.ca/uploads/properties/gallery/CMC157_Ground5.JPG",
"10399","52","https://fcr.ca/uploads/properties/gallery/CMC157_Ground6.JPG",
"10400","52","https://fcr.ca/uploads/properties/gallery/CMC157_aerial1.jpg",
"10492","192","https://fcr.ca/uploads/properties/gallery/WMT538_Ground2.jpg",
"10493","192","https://fcr.ca/uploads/properties/gallery/WMT538_Ground1.jpg",
"10494","192","https://fcr.ca/uploads/properties/gallery/WMT538_Ground3.jpg",
"10495","192","https://fcr.ca/uploads/properties/gallery/WMT538_Aerial.jpg",
"10547","124","https://fcr.ca/uploads/properties/gallery/ECC651_Ground2.jpg",
"10548","124","https://fcr.ca/uploads/properties/gallery/ECC651_Ground1.jpg",
"10549","124","https://fcr.ca/uploads/properties/gallery/ECC651_Ground4.jpg",
"10550","124","https://fcr.ca/uploads/properties/gallery/ECC651_Aerial.jpg",
"10611","125","https://fcr.ca/uploads/properties/gallery/EPB864_Ground1.jpg",
"10612","125","https://fcr.ca/uploads/properties/gallery/EPB864_Ground2.jpg",
"10625","89","https://fcr.ca/uploads/properties/gallery/CTQ336_Ground1.JPG",
"10626","89","https://fcr.ca/uploads/properties/gallery/CTQ336_Ground2.JPG",
"10627","89","https://fcr.ca/uploads/properties/gallery/CTQ336_Ground3.JPG",
"10628","89","https://fcr.ca/uploads/properties/gallery/CTQ336_Ground4.JPG",
"10629","89","https://fcr.ca/uploads/properties/gallery/CTQ336_Aerial1.jpg",
"10630","89","https://fcr.ca/uploads/properties/gallery/CTQ336_Aerial2.jpg",
"10631","84","https://fcr.ca/uploads/properties/gallery/CSH400_Ground2.jpg",
"10632","84","https://fcr.ca/uploads/properties/gallery/CSH400_Ground3.jpg",
"10633","84","https://fcr.ca/uploads/properties/gallery/CSH400_Ground5.jpg",
"10634","84","https://fcr.ca/uploads/properties/gallery/CSH400_Ground6.jpg",
"10635","84","https://fcr.ca/uploads/properties/gallery/CSH400_Ground4.jpg",
"10636","84","https://fcr.ca/uploads/properties/gallery/CSH400_Ground1.jpg",
"10642","2","https://fcr.ca/uploads/properties/gallery/CBA749_Ground3.jpg",
"10643","2","https://fcr.ca/uploads/properties/gallery/CBA749_Ground1.jpg",
"10687","21","https://fcr.ca/uploads/properties/gallery/CBV942_Ground1.jpg",
"10688","21","https://fcr.ca/uploads/properties/gallery/CBV942_Ground2.jpg",
"10689","21","https://fcr.ca/uploads/properties/gallery/CBV942_Ground3.jpg",
"10690","21","https://fcr.ca/uploads/properties/gallery/CBV942_Ground4.jpg",
"10691","21","https://fcr.ca/uploads/properties/gallery/CBV942_Ground5.jpg",
"10692","21","https://fcr.ca/uploads/properties/gallery/CBV942_Ground6.jpg",
"10693","21","https://fcr.ca/uploads/properties/gallery/CBV942_Aerial1.jpg",
"10694","21","https://fcr.ca/uploads/properties/gallery/CBV942_Aerial2.jpg",
"10765","34","https://fcr.ca/uploads/properties/gallery/CDC246_Ground1.jpg",
"10766","34","https://fcr.ca/uploads/properties/gallery/CDC246_Ground2.jpg",
"10767","34","https://fcr.ca/uploads/properties/gallery/CDC246_Ground3.jpg",
"10768","34","https://fcr.ca/uploads/properties/gallery/CDC246_Ground4.jpg",
"10769","34","https://fcr.ca/uploads/properties/gallery/CDC246_Ground5.jpg",
"10770","34","https://fcr.ca/uploads/properties/gallery/CDC246_Ground6.jpg",
"10771","34","https://fcr.ca/uploads/properties/gallery/CDC246_Ground7.jpg",
"10772","34","https://fcr.ca/uploads/properties/gallery/CDC246_Aerial1.jpg",
"10773","34","https://fcr.ca/uploads/properties/gallery/CDC246_Aerial2.jpg",
"10788","41","https://fcr.ca/uploads/properties/gallery/CGS363_Ground1.jpg",
"10789","41","https://fcr.ca/uploads/properties/gallery/CGS363_Ground3.JPG",
"10790","41","https://fcr.ca/uploads/properties/gallery/CGS363_Ground4.jpg",
"10791","41","https://fcr.ca/uploads/properties/gallery/CGS363_Ground5.jpg",
"10792","41","https://fcr.ca/uploads/properties/gallery/CGS363_Ground2.jpg",
"10793","41","https://fcr.ca/uploads/properties/gallery/CGS363_Aerial1.jpg",
"10794","41","https://fcr.ca/uploads/properties/gallery/CGS363_Aerial2.jpg",
"10819","46","https://fcr.ca/uploads/properties/gallery/CHP508_Ground1.jpg",
"10820","46","https://fcr.ca/uploads/properties/gallery/CHP508_Ground2.jpg",
"10821","46","https://fcr.ca/uploads/properties/gallery/CHP508_Ground3.jpg",
"10822","46","https://fcr.ca/uploads/properties/gallery/CHP508_Ground4.jpg",
"10823","46","https://fcr.ca/uploads/properties/gallery/CHP508_Ground5.jpg",
"10824","46","https://fcr.ca/uploads/properties/gallery/CHP508_Ground6.jpg",
"10825","46","https://fcr.ca/uploads/properties/gallery/CHP508_Aerial1.jpg",
"10826","46","https://fcr.ca/uploads/properties/gallery/CHP508_Aerial2.jpg",
"10827","47","https://fcr.ca/uploads/properties/gallery/CLS534_Ground4.jpg",
"10828","47","https://fcr.ca/uploads/properties/gallery/CLS534_Ground5.jpg",
"10829","47","https://fcr.ca/uploads/properties/gallery/CLS534_Ground6.jpg",
"10830","47","https://fcr.ca/uploads/properties/gallery/CLS534_Ground1.jpg",
"10831","47","https://fcr.ca/uploads/properties/gallery/CLS534_Ground2.jpg",
"10832","47","https://fcr.ca/uploads/properties/gallery/CLS534_Ground3.jpg",
"10833","47","https://fcr.ca/uploads/properties/gallery/CLS534_Aerial1.jpg",
"10834","48","https://fcr.ca/uploads/properties/gallery/CLV451_Ground1.jpg",
"10835","48","https://fcr.ca/uploads/properties/gallery/CLV451_Ground2.jpg",
"10836","48","https://fcr.ca/uploads/properties/gallery/CLV451_Ground4.jpg",
"10837","48","https://fcr.ca/uploads/properties/gallery/CLV451_Ground5.jpg",
"10838","48","https://fcr.ca/uploads/properties/gallery/CLV451_Ground6.jpg",
"10839","48","https://fcr.ca/uploads/properties/gallery/CLV451_Aerial1.jpg",
"10840","48","https://fcr.ca/uploads/properties/gallery/CLV451_Aerial2.jpg",
"10841","48","https://fcr.ca/uploads/properties/gallery/CLV451_Ground5.jpg",
"10842","48","https://fcr.ca/uploads/properties/gallery/CLV451_Ground7.jpg",
"10899","60","https://fcr.ca/uploads/properties/gallery/Olde-Oakville_ground1.jpg",
"10900","60","https://fcr.ca/uploads/properties/gallery/Olde-Oakville_ground2.jpg",
"10901","60","https://fcr.ca/uploads/properties/gallery/Olde-Oakville_ground3.jpg",
"10902","60","https://fcr.ca/uploads/properties/gallery/Olde-Oakville_ground4.jpg",
"10903","60","https://fcr.ca/uploads/properties/gallery/Olde-Oakville_ground5.jpg",
"10904","60","https://fcr.ca/uploads/properties/gallery/COA272_Ground6.jpg",
"10922","64","https://fcr.ca/uploads/properties/gallery/CQP019_Ground3.jpg",
"10923","64","https://fcr.ca/uploads/properties/gallery/CQP019_Ground4.jpg",
"10924","64","https://fcr.ca/uploads/properties/gallery/CQP019_Ground1.jpg",
"10925","64","https://fcr.ca/uploads/properties/gallery/CQP019_Ground2.jpg",
"10926","64","https://fcr.ca/uploads/properties/gallery/CQP019_Aerial1.jpg",
"10927","64","https://fcr.ca/uploads/properties/gallery/CQP019_Aerial2.jpg",
"10945","69","https://fcr.ca/uploads/properties/gallery/CSD321_Ground1.jpg",
"10946","69","https://fcr.ca/uploads/properties/gallery/CSD321_Ground2.jpg",
"10947","69","https://fcr.ca/uploads/properties/gallery/CSD321_Ground3.jpg",
"10948","69","https://fcr.ca/uploads/properties/gallery/CSD321_Ground4.jpg",
"10949","69","https://fcr.ca/uploads/properties/gallery/CSD321_Aerial1.jpg",
"10950","69","https://fcr.ca/uploads/properties/gallery/CSD321_Aerial2.jpg",
"10991","23","https://fcr.ca/uploads/properties/gallery/CLA200_Ground3.jpg",
"10992","23","https://fcr.ca/uploads/properties/gallery/CLA200_Ground1.jpg",
"10993","23","https://fcr.ca/uploads/properties/gallery/CLA200_GRound2.jpg",
"10994","23","https://fcr.ca/uploads/properties/gallery/CLA200_Aerial.jpg",
"10997","106","https://fcr.ca/uploads/properties/gallery/CYV486_Ground1.JPG",
"10998","106","https://fcr.ca/uploads/properties/gallery/CYV486_Ground2.jpg",
"10999","106","https://fcr.ca/uploads/properties/gallery/CYV486_Ground3.jpg",
"11000","106","https://fcr.ca/uploads/properties/gallery/CYV486_Ground4.JPG",
"11044","118","https://fcr.ca/uploads/properties/gallery/EAP462_Ground1.jpg",
"11045","118","https://fcr.ca/uploads/properties/gallery/EAP462_Ground2.jpg",
"11046","118","https://fcr.ca/uploads/properties/gallery/EAP462_Aerial1.jpg",
"11047","118","https://fcr.ca/uploads/properties/gallery/EAP462_Aerial2.jpg",
"11085","126","https://fcr.ca/uploads/properties/gallery/EPK792_Ground3.jpg",
"11086","126","https://fcr.ca/uploads/properties/gallery/EPK792_Ground2.jpg",
"11087","126","https://fcr.ca/uploads/properties/gallery/EPK792_ground5.jpg",
"11088","126","https://fcr.ca/uploads/properties/gallery/EPK792_aerial.jpg",
"11092","127","https://fcr.ca/uploads/properties/gallery/ECK927_ground1.jpg",
"11093","127","https://fcr.ca/uploads/properties/gallery/ECK927_ground2.jpg",
"11094","127","https://fcr.ca/uploads/properties/gallery/ECK927_ground3.jpg",
"11095","128","https://fcr.ca/uploads/properties/gallery/ECS623_Ground4.jpg",
"11096","128","https://fcr.ca/uploads/properties/gallery/ECS623_Ground5.jpg",
"11097","128","https://fcr.ca/uploads/properties/gallery/ECS623_Ground2.jpg",
"11098","128","https://fcr.ca/uploads/properties/gallery/ECS623_Ground3.jpg",
"11099","128","https://fcr.ca/uploads/properties/gallery/ECS623_Aerial.jpg",
"11100","131","https://fcr.ca/uploads/properties/gallery/EPA842_Ground1.jpg",
"11101","131","https://fcr.ca/uploads/properties/gallery/EPA842_Ground2.jpg",
"11102","131","https://fcr.ca/uploads/properties/gallery/EPA842_Ground3.jpg",
"11103","131","https://fcr.ca/uploads/properties/gallery/EPA842_Aerial1.jpg",
"11104","131","https://fcr.ca/uploads/properties/gallery/EPA842_Aerial2.jpg",
"11236","236","https://fcr.ca/uploads/properties/gallery/WST087_Ground2.jpg",
"11237","236","https://fcr.ca/uploads/properties/gallery/WST087_Ground1.jpg",
"11238","236","https://fcr.ca/uploads/properties/gallery/WST087_Ground3.jpg",
"11239","236","https://fcr.ca/uploads/properties/gallery/WST087_Aerial1.jpg",
"11290","231","https://fcr.ca/uploads/properties/gallery/WMC110_Ground2.jpg",
"11291","231","https://fcr.ca/uploads/properties/gallery/WMC110_Ground3.jpg",
"11292","231","https://fcr.ca/uploads/properties/gallery/WMC110_Ground1.jpg",
"11293","231","https://fcr.ca/uploads/properties/gallery/WMC110_Aerial1.jpg",
"11294","231","https://fcr.ca/uploads/properties/gallery/WMC110_Aerial2.jpg",
"11295","230","https://fcr.ca/uploads/properties/gallery/WMW330_Ground1.jpg",
"11360","169","https://fcr.ca/uploads/properties/gallery/EPN376_Ground1.jpg",
"11361","169","https://fcr.ca/uploads/properties/gallery/EPN376_Ground2.jpg",
"11362","169","https://fcr.ca/uploads/properties/gallery/EPN376_Ground3.jpg",
"11363","169","https://fcr.ca/uploads/properties/gallery/EPQ154_Aerial2.jpg",
"11364","169","https://fcr.ca/uploads/properties/gallery/EPQ154_Aerial1.jpg",
"11381","223","https://fcr.ca/uploads/properties/gallery/WWS336_Ground3.jpg",
"11382","223","https://fcr.ca/uploads/properties/gallery/WWS336_Ground1.jpg",
"11383","223","https://fcr.ca/uploads/properties/gallery/WWS336_GRound2.jpg",
"11384","223","https://fcr.ca/uploads/properties/gallery/WWS336_Aerial1.jpg",
"11385","223","https://fcr.ca/uploads/properties/gallery/WWS336_Aerial2.jpg",
"11416","212","https://fcr.ca/uploads/properties/gallery/WMT927_Ground2.jpg",
"11417","212","https://fcr.ca/uploads/properties/gallery/WMT927_Ground3.jpg",
"11418","212","https://fcr.ca/uploads/properties/gallery/WMT927_Ground4.jpg",
"11419","212","https://fcr.ca/uploads/properties/gallery/WMT927_Ground5.jpg",
"11420","212","https://fcr.ca/uploads/properties/gallery/WMT927_Ground6.jpg",
"11421","212","https://fcr.ca/uploads/properties/gallery/WMT927_Ground7.jpg",
"11422","212","https://fcr.ca/uploads/properties/gallery/WMT927_Ground1.jpg",
"11423","211","https://fcr.ca/uploads/properties/gallery/WMT274_Ground1.jpg",
"11424","211","https://fcr.ca/uploads/properties/gallery/WMT274_Ground2.jpg",
"11425","211","https://fcr.ca/uploads/properties/gallery/WMT274_Ground3.jpg",
"11426","211","https://fcr.ca/uploads/properties/gallery/WMT274_Ground4.jpg",
"11427","211","https://fcr.ca/uploads/properties/gallery/WMT274_Ground5.jpg",
"11428","211","https://fcr.ca/uploads/properties/gallery/WMT274_Ground6.jpg",
"11467","181","https://fcr.ca/uploads/properties/gallery/EPM336_Ground1.jpg",
"11468","181","https://fcr.ca/uploads/properties/gallery/EPM336_Ground3.jpg",
"11469","181","https://fcr.ca/uploads/properties/gallery/EPM336_Ground4.jpg",
"11470","181","https://fcr.ca/uploads/properties/gallery/EPM336_Ground2.jpg",
"11471","181","https://fcr.ca/uploads/properties/gallery/EPM336_Aerial.jpg",
"11502","204","https://fcr.ca/uploads/properties/gallery/WTM237_Ground2.jpg",
"11503","204","https://fcr.ca/uploads/properties/gallery/WTM237_Ground3.jpg",
"11504","204","https://fcr.ca/uploads/properties/gallery/WTM237_Ground4.jpg",
"11505","204","https://fcr.ca/uploads/properties/gallery/WTM237_Ground5.jpg",
"11506","204","https://fcr.ca/uploads/properties/gallery/WTM237_Ground1.jpg",
"11507","204","https://fcr.ca/uploads/properties/gallery/WTM237_Aerial.jpg",
"11517","189","https://fcr.ca/uploads/properties/gallery/EPP333_Ground1.jpg",
"11518","189","https://fcr.ca/uploads/properties/gallery/EPP333_Ground3.jpg",
"11519","189","https://fcr.ca/uploads/properties/gallery/EPP333_Ground2.jpg",
"11520","189","https://fcr.ca/uploads/properties/gallery/EPP333_Aerial1.jpg",
"11521","189","https://fcr.ca/uploads/properties/gallery/EPP333_Aerial2.jpg",
"11536","194","https://fcr.ca/uploads/properties/gallery/WMP845_Ground2.jpg",
"11537","194","https://fcr.ca/uploads/properties/gallery/WMP845_Ground1.jpg",
"11538","194","https://fcr.ca/uploads/properties/gallery/WMP845_Ground3.jpg",
"11539","194","https://fcr.ca/uploads/properties/gallery/WMP845_Aerial.jpg",
"11569","103","https://fcr.ca/uploads/properties/gallery/YorkvilleVillage-55-87-Avenue_ground1.jpg",
"11570","103","https://fcr.ca/uploads/properties/gallery/YorkvilleVillage-55-87-Avenue_ground2.jpg",
"11571","103","https://fcr.ca/uploads/properties/gallery/YorkvilleVillage-55-87-Avenue_ground3.jpg",
"11572","103","https://fcr.ca/uploads/properties/gallery/YorkvilleVillage-55-87-Avenue_ground4.jpg",
"11573","103","https://fcr.ca/uploads/properties/gallery/YorkvilleVillage-55-87-Avenue_ground5.jpg",
"11574","220","https://fcr.ca/uploads/properties/gallery/WTC984_Ground2.jpg",
"11575","220","https://fcr.ca/uploads/properties/gallery/WTC984_Ground3.jpg",
"11576","220","https://fcr.ca/uploads/properties/gallery/WTC984_Ground4.jpg",
"11577","220","https://fcr.ca/uploads/properties/gallery/WTC984_Ground5.jpg",
"11578","220","https://fcr.ca/uploads/properties/gallery/WTC984_Ground1.jpg",
"11579","220","https://fcr.ca/uploads/properties/gallery/WTC984_Aerial1.jpg",
"11580","220","https://fcr.ca/uploads/properties/gallery/WTC984_Aerial2.jpg",
"11581","221","https://fcr.ca/uploads/properties/gallery/WAV356_Ground2.jpg",
"11582","221","https://fcr.ca/uploads/properties/gallery/WAV356_Ground1.jpg",
"11583","221","https://fcr.ca/uploads/properties/gallery/WAV356_Ground3.jpg",
"11584","221","https://fcr.ca/uploads/properties/gallery/WAV356_Aerial1.jpg",
"11585","221","https://fcr.ca/uploads/properties/gallery/WAV356_Aerial2.jpg",
"11654","7","https://fcr.ca/uploads/properties/gallery/CLA700_Ground1.jpg",
"11655","7","https://fcr.ca/uploads/properties/gallery/CLA700_Ground3.jpg",
"11656","7","https://fcr.ca/uploads/properties/gallery/CLA700_Ground2.jpg",
"11657","7","https://fcr.ca/uploads/properties/gallery/CLA700_Aerial1.jpg",
"11729","8","https://fcr.ca/uploads/properties/gallery/CAS104_Ground2.jpg",
"11730","8","https://fcr.ca/uploads/properties/gallery/CAS104_Ground3.jpg",
"11731","8","https://fcr.ca/uploads/properties/gallery/CAS104_Aerial1.jpg",
"11732","8","https://fcr.ca/uploads/properties/gallery/CAS104_Ground1.jpg",
"11802","19","https://fcr.ca/uploads/properties/gallery/CBS421_Ground2.jpg",
"11803","19","https://fcr.ca/uploads/properties/gallery/CBS421_Ground3.jpg",
"11804","19","https://fcr.ca/uploads/properties/gallery/CBS421_Ground4.jpg",
"11805","19","https://fcr.ca/uploads/properties/gallery/CBS421_Ground1.jpg",
"11806","20","https://fcr.ca/uploads/properties/gallery/CBH815_Ground2.jpg",
"11807","20","https://fcr.ca/uploads/properties/gallery/CBH815_Ground3.jpg",
"11808","20","https://fcr.ca/uploads/properties/gallery/CBH815_Ground1.jpg",
"11816","109","https://fcr.ca/uploads/properties/gallery/ESC360_Ground2.jpg",
"11817","109","https://fcr.ca/uploads/properties/gallery/ESC360_Ground4.jpg",
"11818","109","https://fcr.ca/uploads/properties/gallery/ESC360_Ground5.jpg",
"11819","109","https://fcr.ca/uploads/properties/gallery/ESC360_Ground1.jpg",
"11820","109","https://fcr.ca/uploads/properties/gallery/ESC360_Ground3.jpg",
"11821","109","https://fcr.ca/uploads/properties/gallery/ESC360_Aerial1.jpg",
"11822","109","https://fcr.ca/uploads/properties/gallery/ESC360_Aerial2.jpg",
"11859","110","https://fcr.ca/uploads/properties/gallery/EHC420_Ground1.jpg",
"11860","110","https://fcr.ca/uploads/properties/gallery/EHC420_Ground2.jpg",
"11861","110","https://fcr.ca/uploads/properties/gallery/EHC420_Ground3.jpg",
"11862","110","https://fcr.ca/uploads/properties/gallery/EHC420_Ground4.jpg",
"11863","110","https://fcr.ca/uploads/properties/gallery/EHC420_Aerial1.jpg",
"11864","110","https://fcr.ca/uploads/properties/gallery/EHC420_Aerial2.jpg",
"12024","191","https://fcr.ca/uploads/properties/gallery/EGC100_Ground1.jpg",
"12025","191","https://fcr.ca/uploads/properties/gallery/EGC100_Ground3.jpg",
"12026","191","https://fcr.ca/uploads/properties/gallery/EGC100_Ground2.jpg",
"12027","191","https://fcr.ca/uploads/properties/gallery/EGC100_Aerial.jpg",
"12032","185","https://fcr.ca/uploads/properties/gallery/EPS445_Ground1.jpg",
"12033","185","https://fcr.ca/uploads/properties/gallery/EPS445_Ground2.jpg",
"12034","185","https://fcr.ca/uploads/properties/gallery/EPS445_Aerial1.jpg",
"12035","185","https://fcr.ca/uploads/properties/gallery/EPS445_Aerial2.jpg",
"12050","108","https://fcr.ca/uploads/properties/gallery/ELP846_Ground1.jpg",
"12051","108","https://fcr.ca/uploads/properties/gallery/ELP846_Ground3.jpg",
"12052","108","https://fcr.ca/uploads/properties/gallery/ELP846_Ground4.jpg",
"12053","108","https://fcr.ca/uploads/properties/gallery/ELP846_Ground5.jpg",
"12054","108","https://fcr.ca/uploads/properties/gallery/ELP846_Ground2.jpg",
"12055","108","https://fcr.ca/uploads/properties/gallery/ELP846_Aerial1.jpg",
"12056","108","https://fcr.ca/uploads/properties/gallery/ELP846_Aerial2.jpg",
"12057","145","https://fcr.ca/uploads/properties/gallery/EPD410_Ground1.jpg",
"12058","145","https://fcr.ca/uploads/properties/gallery/EPD410_Ground2.jpg",
"12059","145","https://fcr.ca/uploads/properties/gallery/EPD410_Ground3.jpg",
"12060","145","https://fcr.ca/uploads/properties/gallery/EPD410_Aerial1.jpg",
"12061","145","https://fcr.ca/uploads/properties/gallery/EPD410_Aerial2.jpg",
"12075","146","https://fcr.ca/uploads/properties/gallery/EPA196_Ground1.jpg",
"12076","146","https://fcr.ca/uploads/properties/gallery/EPA196_Ground4.jpg",
"12077","146","https://fcr.ca/uploads/properties/gallery/EPA196_Ground5.jpg",
"12078","146","https://fcr.ca/uploads/properties/gallery/EPA196_Ground3.jpg",
"12079","146","https://fcr.ca/uploads/properties/gallery/EPA196_Ground2.jpg",
"12080","146","https://fcr.ca/uploads/properties/gallery/EPA196_Aerial1.jpg",
"12081","146","https://fcr.ca/uploads/properties/gallery/EPA196_Aerial2.jpg",
"12127","27","https://fcr.ca/uploads/properties/gallery/CPC117_Ground1.jpg",
"12128","27","https://fcr.ca/uploads/properties/gallery/CPC117_Ground2.jpg",
"12129","27","https://fcr.ca/uploads/properties/gallery/CPC117_Ground3.jpg",
"12130","27","https://fcr.ca/uploads/properties/gallery/CPC117_Ground4.jpg",
"12131","27","https://fcr.ca/uploads/properties/gallery/CPC117_Ground5.jpg",
"12132","27","https://fcr.ca/uploads/properties/gallery/CPC117_Ground6.jpg",
"12133","27","https://fcr.ca/uploads/properties/gallery/CPC117_Ground7.jpg",
"12134","27","https://fcr.ca/uploads/properties/gallery/CPC117_Ground8.jpg",
"12135","27","https://fcr.ca/uploads/properties/gallery/CPC117_Ground9.jpg",
"12181","30","https://fcr.ca/uploads/properties/gallery/CCV772_Ground1.jpg",
"12182","30","https://fcr.ca/uploads/properties/gallery/CCV772_Ground3.jpg",
"12183","30","https://fcr.ca/uploads/properties/gallery/CCV772_Ground4.jpg",
"12184","30","https://fcr.ca/uploads/properties/gallery/CCV772_Ground5.jpg",
"12185","30","https://fcr.ca/uploads/properties/gallery/CCV772_Ground6.jpg",
"12186","30","https://fcr.ca/uploads/properties/gallery/CCV772_Ground7.jpg",
"12187","30","https://fcr.ca/uploads/properties/gallery/CCV772_Ground8.jpg",
"12188","30","https://fcr.ca/uploads/properties/gallery/CCV772_Ground2.jpg",
"12189","30","https://fcr.ca/uploads/properties/gallery/CCV772_Aerial1.jpg",
"12192","31","https://fcr.ca/uploads/properties/gallery/CDS310_Ground2.jpg",
"12193","31","https://fcr.ca/uploads/properties/gallery/CDS310_Ground3.jpg",
"12194","31","https://fcr.ca/uploads/properties/gallery/CDS310_Aerial1.jpg",
"12213","148","https://fcr.ca/uploads/properties/gallery/EED663_Ground1.jpg",
"12214","148","https://fcr.ca/uploads/properties/gallery/EED663_Ground2.jpg",
"12215","148","https://fcr.ca/uploads/properties/gallery/EED663_Aerial1.jpg",
"12216","148","https://fcr.ca/uploads/properties/gallery/EED663_Aerial2.jpg",
"12226","33","https://fcr.ca/uploads/properties/gallery/CDH188_Ground1.jpg",
"12227","33","https://fcr.ca/uploads/properties/gallery/CDH188_Ground2.jpg",
"12228","33","https://fcr.ca/uploads/properties/gallery/CDH188_Ground3.jpg",
"12229","33","https://fcr.ca/uploads/properties/gallery/CDH188_Ground4.jpg",
"12230","33","https://fcr.ca/uploads/properties/gallery/CDH188_Ground5.jpg",
"12231","33","https://fcr.ca/uploads/properties/gallery/CDH188_Ground6.jpg",
"12232","33","https://fcr.ca/uploads/properties/gallery/CDH188_Aerial1.jpg",
"12233","33","https://fcr.ca/uploads/properties/gallery/CDH188_Aerial2.jpg",
"12234","35","https://fcr.ca/uploads/properties/gallery/CFM447_Ground1.jpg",
"12235","35","https://fcr.ca/uploads/properties/gallery/CFM447_Ground2.jpg",
"12236","35","https://fcr.ca/uploads/properties/gallery/CFM447_Ground5.JPG",
"12237","35","https://fcr.ca/uploads/properties/gallery/CFM447_Ground6.jpg",
"12238","35","https://fcr.ca/uploads/properties/gallery/CFM447_Aerial.jpg",
"12257","43","https://fcr.ca/uploads/properties/gallery/CHH622_Ground1.jpg",
"12258","43","https://fcr.ca/uploads/properties/gallery/CHH622_Ground2.jpg",
"12259","43","https://fcr.ca/uploads/properties/gallery/CHH622_Ground3.jpg",
"12260","43","https://fcr.ca/uploads/properties/gallery/CHH622_Ground4.jpg",
"12261","43","https://fcr.ca/uploads/properties/gallery/CHH622_Ground5.jpg",
"12262","43","https://fcr.ca/uploads/properties/gallery/CHH622_Ground6.jpg",
"12263","43","https://fcr.ca/uploads/properties/gallery/CHH622_Aerial1.jpg",
"12264","43","https://fcr.ca/uploads/properties/gallery/CHH622_Aerial2.jpg",
"12317","54","https://fcr.ca/uploads/properties/gallery/CAP160_Ground2.jpg",
"12318","54","https://fcr.ca/uploads/properties/gallery/CAP160_Ground1.jpg",
"12319","54","https://fcr.ca/uploads/properties/gallery/CAP160_Ground3.jpg",
"12320","54","https://fcr.ca/uploads/properties/gallery/CAP160_Aerial1.jpg",
"12321","54","https://fcr.ca/uploads/properties/gallery/CAP160_Aerial2.jpg",
"12322","55","https://fcr.ca/uploads/properties/gallery/CMB434_Ground1.jpg",
"12323","55","https://fcr.ca/uploads/properties/gallery/CMB434_Ground2.jpg",
"12324","55","https://fcr.ca/uploads/properties/gallery/CMB434_Ground3.jpg",
"12325","55","https://fcr.ca/uploads/properties/gallery/CMB434_Ground4.jpg",
"12326","55","https://fcr.ca/uploads/properties/gallery/CMB434_Aerial1.jpg",
"12327","55","https://fcr.ca/uploads/properties/gallery/CMB434_Aerial2.jpg",
"12334","56","https://fcr.ca/uploads/properties/gallery/CML262_Ground4.jpg",
"12335","56","https://fcr.ca/uploads/properties/gallery/CML262_Ground3.jpg",
"12336","56","https://fcr.ca/uploads/properties/gallery/CML262_Ground2.jpg",
"12337","56","https://fcr.ca/uploads/properties/gallery/CML262_Ground1.jpg",
"12338","56","https://fcr.ca/uploads/properties/gallery/CML262_Aerial1.jpg",
"12339","56","https://fcr.ca/uploads/properties/gallery/CML262_Aerial2.jpg",
"12376","155","https://fcr.ca/uploads/properties/gallery/ECC724_Ground1.jpg",
"12377","155","https://fcr.ca/uploads/properties/gallery/ECC724_Ground2.jpg",
"12378","155","https://fcr.ca/uploads/properties/gallery/ECC724_Ground3.jpg",
"12379","155","https://fcr.ca/uploads/properties/gallery/ECC724_aerial.jpg",
"12415","218","https://fcr.ca/uploads/properties/gallery/WSG752_Ground2.jpg",
"12416","218","https://fcr.ca/uploads/properties/gallery/WSG752_Ground3.jpg",
"12417","218","https://fcr.ca/uploads/properties/gallery/WSG752_Ground4.jpg",
"12418","218","https://fcr.ca/uploads/properties/gallery/WSG752_Ground6.jpg",
"12419","218","https://fcr.ca/uploads/properties/gallery/WSG752_Ground7.jpg",
"12420","218","https://fcr.ca/uploads/properties/gallery/WSG752_Ground1.jpg",
"12421","218","https://fcr.ca/uploads/properties/gallery/WSG752_Aerial.jpg",
"12441","166","https://fcr.ca/uploads/properties/gallery/ECM592_Ground1.jpg",
"12442","166","https://fcr.ca/uploads/properties/gallery/ECM592_Ground2.jpg",
"12443","166","https://fcr.ca/uploads/properties/gallery/ECM592_Ground3.jpg",
"12444","166","https://fcr.ca/uploads/properties/gallery/ECM592_Ground4.jpg",
"12445","166","https://fcr.ca/uploads/properties/gallery/ECM592_Ground5.jpg",
"12446","166","https://fcr.ca/uploads/properties/gallery/ECM592_Aerial1.jpg",
"12447","166","https://fcr.ca/uploads/properties/gallery/ECM592_Aerial2.jpg",
"12501","83","https://fcr.ca/uploads/properties/gallery/CSP070_Ground1.jpg",
"12502","83","https://fcr.ca/uploads/properties/gallery/CSP070_Ground2.jpg",
"12503","83","https://fcr.ca/uploads/properties/gallery/CSP070_Ground3.jpg",
"12504","83","https://fcr.ca/uploads/properties/gallery/CSP070_Ground5.jpg",
"12505","83","https://fcr.ca/uploads/properties/gallery/CSP070_Ground6.jpg",
"12506","83","https://fcr.ca/uploads/properties/gallery/CSP070_Ground4.jpg",
"12507","83","https://fcr.ca/uploads/properties/gallery/CSP070_Aerial1.jpg",
"12508","83","https://fcr.ca/uploads/properties/gallery/CSP070_Aerial2.jpg",
"12521","93","https://fcr.ca/uploads/properties/gallery/CWM800_Ground3.jpg",
"12522","93","https://fcr.ca/uploads/properties/gallery/CWM800_Ground1.jpg",
"12523","93","https://fcr.ca/uploads/properties/gallery/CWM800_Ground2.jpg",
"12524","94","https://fcr.ca/uploads/properties/gallery/CTP518_Ground1.jpg",
"12525","94","https://fcr.ca/uploads/properties/gallery/CTP518_Ground3.jpg",
"12526","94","https://fcr.ca/uploads/properties/gallery/CTP518_Ground2.jpg",
"12527","94","https://fcr.ca/uploads/properties/gallery/CTP518_Aerial1.jpg",
"12528","94","https://fcr.ca/uploads/properties/gallery/CTP518_Aerial2.jpg",
"12529","95","https://fcr.ca/uploads/properties/gallery/CWC521_Ground5.jpg",
"12530","95","https://fcr.ca/uploads/properties/gallery/CWC521_Ground6.jpg",
"12531","95","https://fcr.ca/uploads/properties/gallery/CWC521_Ground7.jpg",
"12532","95","https://fcr.ca/uploads/properties/gallery/CWC521_Aerial1.jpg",
"12533","95","https://fcr.ca/uploads/properties/gallery/CWC521_Aerial2.jpg",
"12534","95","https://fcr.ca/uploads/properties/gallery/CWC521_Ground1.jpg",
"12535","95","https://fcr.ca/uploads/properties/gallery/CWC521_Ground2.jpg",
"12536","95","https://fcr.ca/uploads/properties/gallery/CWC521_Ground3.jpg",
"12537","95","https://fcr.ca/uploads/properties/gallery/CWC521_Ground4.jpg",
"12553","98","https://fcr.ca/uploads/properties/gallery/CWH737_Ground1.jpg",
"12554","98","https://fcr.ca/uploads/properties/gallery/CWH737_Ground4.jpg",
"12555","98","https://fcr.ca/uploads/properties/gallery/CWH737_Ground5.jpg",
"12556","98","https://fcr.ca/uploads/properties/gallery/CWH737_Ground6.jpg",
"12557","98","https://fcr.ca/uploads/properties/gallery/CWH737_Ground7.jpg",
"12558","98","https://fcr.ca/uploads/properties/gallery/CWH737_Ground8.jpg",
"12559","98","https://fcr.ca/uploads/properties/gallery/CWH737_Ground2.jpg",
"12560","98","https://fcr.ca/uploads/properties/gallery/CWH737_Aerial1.jpg",
"12561","98","https://fcr.ca/uploads/properties/gallery/CWH737_Aerial2.jpg",
"12581","137","https://fcr.ca/uploads/properties/gallery/EGP205_Ground1.jpg",
"12582","137","https://fcr.ca/uploads/properties/gallery/EGP205_Ground3.jpg",
"12583","137","https://fcr.ca/uploads/properties/gallery/EGP205_Ground2.jpg",
"12584","144","https://fcr.ca/uploads/properties/gallery/ECS327_Ground2.jpg",
"12585","144","https://fcr.ca/uploads/properties/gallery/ECS327_Ground3.jpg",
"12586","144","https://fcr.ca/uploads/properties/gallery/ECS327_Ground4.jpg",
"12587","144","https://fcr.ca/uploads/properties/gallery/ECS327_Ground5.jpg",
"12588","144","https://fcr.ca/uploads/properties/gallery/ECS327_Ground6.jpg",
"12589","144","https://fcr.ca/uploads/properties/gallery/ECS327_Ground7.jpg",
"12590","144","https://fcr.ca/uploads/properties/gallery/ECS327_Ground8.jpg",
"12591","144","https://fcr.ca/uploads/properties/gallery/ECS327_Aerial1.jpg",
"12592","144","https://fcr.ca/uploads/properties/gallery/ECS327_Aerial2.jpg",
"12593","182","https://fcr.ca/uploads/properties/gallery/EPP835_Ground1.jpg",
"12594","182","https://fcr.ca/uploads/properties/gallery/EPP835_Ground2.jpg",
"12595","182","https://fcr.ca/uploads/properties/gallery/EPP835_Ground3.jpg",
"12596","182","https://fcr.ca/uploads/properties/gallery/EPP835_Aerial.jpg",
"12597","174","https://fcr.ca/uploads/properties/gallery/EPV779_Ground2.jpg",
"12598","174","https://fcr.ca/uploads/properties/gallery/EPV779_Ground1.jpg",
"12599","174","https://fcr.ca/uploads/properties/gallery/EPV779_Ground3.jpg",
"12600","174","https://fcr.ca/uploads/properties/gallery/EPV779_Ground4.jpg",
"12601","174","https://fcr.ca/uploads/properties/gallery/EPV779_Aerial1.jpg",
"12602","174","https://fcr.ca/uploads/properties/gallery/EPV779_Aerial2.jpg",
"12603","171","https://fcr.ca/uploads/properties/gallery/ECD986_Ground1.jpg",
"12604","171","https://fcr.ca/uploads/properties/gallery/ECD986_Ground2.jpg",
"12605","171","https://fcr.ca/uploads/properties/gallery/ECD986_Ground3.jpg",
"12606","171","https://fcr.ca/uploads/properties/gallery/ECD986_Ground4.jpg",
"12607","171","https://fcr.ca/uploads/properties/gallery/ECD986_Ground5.jpg",
"12608","171","https://fcr.ca/uploads/properties/gallery/ECD986_Aerial.jpg",
"12609","173","https://fcr.ca/uploads/properties/gallery/EQM001_Ground1.jpg",
"12610","173","https://fcr.ca/uploads/properties/gallery/EQM001_Ground2.jpg",
"12611","173","https://fcr.ca/uploads/properties/gallery/EQM001_Ground3.jpg",
"12625","176","https://fcr.ca/uploads/properties/gallery/EDJ207_Ground1.jpg",
"12626","176","https://fcr.ca/uploads/properties/gallery/EDJ207_Ground3.jpg",
"12627","176","https://fcr.ca/uploads/properties/gallery/EDJ207_Ground2.jpg",
"12628","176","https://fcr.ca/uploads/properties/gallery/EDJ207_Aerial.jpg",
"12629","172","https://fcr.ca/uploads/properties/gallery/ECQ550_Ground2.jpg",
"12630","172","https://fcr.ca/uploads/properties/gallery/ECQ550_Ground1.jpg",
"12639","175","https://fcr.ca/uploads/properties/gallery/EPL790_Ground1.jpg",
"12640","175","https://fcr.ca/uploads/properties/gallery/EPL790_Ground3.jpg",
"12641","175","https://fcr.ca/uploads/properties/gallery/EPL790_Ground2.jpg",
"12642","175","https://fcr.ca/uploads/properties/gallery/EPL790_Aerial1.jpg",
"12643","175","https://fcr.ca/uploads/properties/gallery/EPL790_Aerial2.jpg",
"12644","150","https://fcr.ca/uploads/properties/gallery/EAS855_Ground1.jpg",
"12645","150","https://fcr.ca/uploads/properties/gallery/EAS855_Ground2.jpg",
"12646","150","https://fcr.ca/uploads/properties/gallery/EAS855_Aerial1.jpg",
"12647","150","https://fcr.ca/uploads/properties/gallery/EAS855_Aerial2.jpg",
"12653","136","https://fcr.ca/uploads/properties/gallery/EGW287_Ground1.jpg",
"12654","119","https://fcr.ca/uploads/properties/gallery/EPG399_Ground2.jpg",
"12655","119","https://fcr.ca/uploads/properties/gallery/EPG399_Ground3.jpg",
"12656","119","https://fcr.ca/uploads/properties/gallery/EPG399_Ground1.jpg",
"12657","119","https://fcr.ca/uploads/properties/gallery/EPG399_Aerial.jpg",
"12667","29","https://fcr.ca/uploads/properties/gallery/CCS751_Ground3.jpg",
"12668","29","https://fcr.ca/uploads/properties/gallery/CCS751_Ground4.jpg",
"12669","29","https://fcr.ca/uploads/properties/gallery/CCS751_Ground5.jpg",
"12670","29","https://fcr.ca/uploads/properties/gallery/CCS751_Ground6.jpg",
"12671","29","https://fcr.ca/uploads/properties/gallery/CCS751_Aerial1.jpg",
"12672","29","https://fcr.ca/uploads/properties/gallery/CCS751_Aerial2.jpg",
"12673","29","https://fcr.ca/uploads/properties/gallery/CCS751_Ground1.jpg",
"12715","164","https://fcr.ca/uploads/properties/gallery/ECD473_Ground1.jpg",
"12716","164","https://fcr.ca/uploads/properties/gallery/ECD473_Ground2.jpg",
"12717","164","https://fcr.ca/uploads/properties/gallery/ECD473_Ground3.jpg",
"12718","164","https://fcr.ca/uploads/properties/gallery/ECD473_aerial.jpg",
"12720","165","https://fcr.ca/uploads/properties/gallery/ECD390_Ground1.jpg",
"12721","165","https://fcr.ca/uploads/properties/gallery/ECD390_Ground3.jpg",
"12722","165","https://fcr.ca/uploads/properties/gallery/ECD390_Ground2.jpg",
"12723","165","https://fcr.ca/uploads/properties/gallery/ECD390_Aerial2.jpg",
"12724","161","https://fcr.ca/uploads/properties/gallery/EPC123_Ground1.jpg",
"12725","161","https://fcr.ca/uploads/properties/gallery/EPC123_Ground2.jpg",
"12726","120","https://fcr.ca/uploads/properties/gallery/ECP756_Ground1.jpg",
"12727","120","https://fcr.ca/uploads/properties/gallery/ECP756_Ground2.jpg",
"12728","120","https://fcr.ca/uploads/properties/gallery/ECP756_Ground3.jpg",
"12729","120","https://fcr.ca/uploads/properties/gallery/ECP756_Ground4.jpg",
"12730","120","https://fcr.ca/uploads/properties/gallery/ECP756_Ground5.jpg",
"12731","120","https://fcr.ca/uploads/properties/gallery/ECP756_Aerial1.jpg",
"12732","120","https://fcr.ca/uploads/properties/gallery/ECP756_Aerial2.jpg",
"12776","6","https://fcr.ca/uploads/properties/gallery/CKS847_Ground2.jpg",
"12777","6","https://fcr.ca/uploads/properties/gallery/CKS847_Ground3.jpg",
"12778","6","https://fcr.ca/uploads/properties/gallery/CKS847_Aerial1.jpg",
"12779","10","https://fcr.ca/uploads/properties/gallery/CUP915_Ground2.jpg",
"12780","10","https://fcr.ca/uploads/properties/gallery/CUP915_Ground3.jpg",
"12781","10","https://fcr.ca/uploads/properties/gallery/CUP915_Ground4.jpg",
"12782","10","https://fcr.ca/uploads/properties/gallery/CUP915_Aerial1.jpg",
"12783","104","https://fcr.ca/uploads/properties/gallery/80-100Yorkville_Ground1.jpg",
"12784","104","https://fcr.ca/uploads/properties/gallery/80-100Yorkville_Ground2.jpg",
"12785","104","https://fcr.ca/uploads/properties/gallery/80-100Yorkville_Ground3.jpg",
"12786","104","https://fcr.ca/uploads/properties/gallery/80-100Yorkville_Hero.jpg",
"12807","167","https://fcr.ca/uploads/properties/gallery/EPL095_Ground1.jpg",
"12808","167","https://fcr.ca/uploads/properties/gallery/EPL095_Ground2.jpg",
"12809","167","https://fcr.ca/uploads/properties/gallery/EPL095_Ground3.jpg",
"12810","167","https://fcr.ca/uploads/properties/gallery/EPL095_Ground4.jpg",
"12811","167","https://fcr.ca/uploads/properties/gallery/EPL095_Ground5.jpg",
"12812","167","https://fcr.ca/uploads/properties/gallery/EPL095_Aerial.jpg",
"12813","151","https://fcr.ca/uploads/properties/gallery/ECC283_Ground1.jpg",
"12814","151","https://fcr.ca/uploads/properties/gallery/ECC283_Ground3.jpg",
"12815","151","https://fcr.ca/uploads/properties/gallery/ECC283_Ground4.jpg",
"12816","151","https://fcr.ca/uploads/properties/gallery/ECC283_Ground2.jpg",
"12817","151","https://fcr.ca/uploads/properties/gallery/ECC283_Aerial.jpg",
"12818","22","https://fcr.ca/uploads/properties/gallery/CCM299_Ground3.jpg",
"12819","22","https://fcr.ca/uploads/properties/gallery/CCM299_Ground4.jpg",
"12820","22","https://fcr.ca/uploads/properties/gallery/CCM299_Ground5.jpg",
"12821","22","https://fcr.ca/uploads/properties/gallery/CCM299_Ground6.jpg",
"12822","22","https://fcr.ca/uploads/properties/gallery/CCM299_Ground7.jpg",
"12823","22","https://fcr.ca/uploads/properties/gallery/CCM299_Ground8.jpg",
"12824","22","https://fcr.ca/uploads/properties/gallery/CLA200_Aerial.jpg",
"12825","25","https://fcr.ca/uploads/properties/gallery/CCS200_Ground2.jpg",
"12826","25","https://fcr.ca/uploads/properties/gallery/CCS200_Ground3.jpg",
"12827","25","https://fcr.ca/uploads/properties/gallery/CCS200_Ground4.jpg",
"12828","25","https://fcr.ca/uploads/properties/gallery/CCS200_Ground5.jpg",
"12829","25","https://fcr.ca/uploads/properties/gallery/CCS200_Ground6.jpg",
"12830","25","https://fcr.ca/uploads/properties/gallery/CCS200_Ground7.jpg",
"12831","25","https://fcr.ca/uploads/properties/gallery/CCS200_Aerial1.jpg",
"12832","25","https://fcr.ca/uploads/properties/gallery/CCS200_Aerial2.jpg",
"12833","45","https://fcr.ca/uploads/properties/gallery/CHS232_Ground3.jpg",
"12834","45","https://fcr.ca/uploads/properties/gallery/CHS232_Ground4.jpg",
"12835","45","https://fcr.ca/uploads/properties/gallery/CHS232_Ground5.jpg",
"12836","45","https://fcr.ca/uploads/properties/gallery/CHS232_Aerial1.jpg",
"12837","45","https://fcr.ca/uploads/properties/gallery/CHS232_Aerial2.jpg",
"12838","45","https://fcr.ca/uploads/properties/gallery/CHS232_Ground1.jpg",
"12841","51","https://fcr.ca/uploads/properties/gallery/CMC156_Ground5.jpg",
"12842","51","https://fcr.ca/uploads/properties/gallery/CMC156_Ground6.jpg",
"12843","51","https://fcr.ca/uploads/properties/gallery/CMC156_Ground1.jpg",
"12844","51","https://fcr.ca/uploads/properties/gallery/CMC156_aerial.jpg",
"12874","62","https://fcr.ca/uploads/properties/gallery/CPM025_Ground2.jpg",
"12875","62","https://fcr.ca/uploads/properties/gallery/CPM025_Ground3.jpg",
"12876","62","https://fcr.ca/uploads/properties/gallery/CPM025_Ground4.jpg",
"12877","62","https://fcr.ca/uploads/properties/gallery/CPM025_Ground5.jpg",
"12878","62","https://fcr.ca/uploads/properties/gallery/CPM025_Ground1.jpg",
"12879","62","https://fcr.ca/uploads/properties/gallery/CPM025_Aerial1.jpg",
"12880","62","https://fcr.ca/uploads/properties/gallery/CPM025_Aerial2.jpg",
"12881","68","https://fcr.ca/uploads/properties/gallery/CSP695_Ground1.jpg",
"12882","68","https://fcr.ca/uploads/properties/gallery/CSP695_Ground2.jpg",
"12883","68","https://fcr.ca/uploads/properties/gallery/CSP695_Ground3.jpg",
"12884","68","https://fcr.ca/uploads/properties/gallery/CSP695_Ground4.jpg",
"12885","68","https://fcr.ca/uploads/properties/gallery/CSP695_Aerial1.jpg",
"12886","68","https://fcr.ca/uploads/properties/gallery/CSP695_Aerial2.jpg",
"12908","61","https://fcr.ca/uploads/properties/gallery/CSA372_Ground1.jpg",
"12909","61","https://fcr.ca/uploads/properties/gallery/CSA372_Ground2.jpg",
"12910","63","https://fcr.ca/uploads/properties/gallery/CVT233_Ground4.jpg",
"12911","63","https://fcr.ca/uploads/properties/gallery/CVT233_Ground5.jpg",
"12912","63","https://fcr.ca/uploads/properties/gallery/CVT233_Ground6.jpg",
"12913","63","https://fcr.ca/uploads/properties/gallery/CVT233_Ground1.jpg",
"12914","63","https://fcr.ca/uploads/properties/gallery/CVT233_Ground2.jpg",
"12915","63","https://fcr.ca/uploads/properties/gallery/CVT233_Ground3.jpg",
"12916","63","https://fcr.ca/uploads/properties/gallery/CVT233_Aerial1.jpg",
"12917","63","https://fcr.ca/uploads/properties/gallery/CVT233_Aerial2.jpg",
"12918","24","https://fcr.ca/uploads/properties/gallery/CMR858_Ground2.jpg",
"12919","24","https://fcr.ca/uploads/properties/gallery/CMR858_Ground3.jpg",
"12920","24","https://fcr.ca/uploads/properties/gallery/CMR858_Ground1.jpg",
"12921","24","https://fcr.ca/uploads/properties/gallery/CMR858_Ground5.JPG",
"12922","24","https://fcr.ca/uploads/properties/gallery/CMR858_Aerial1.jpg",
"12928","3","https://fcr.ca/uploads/properties/gallery/CQS163_Ground1.jpg",
"12929","3","https://fcr.ca/uploads/properties/gallery/CQS163_Ground2.jpg",
"12930","3","https://fcr.ca/uploads/properties/gallery/CQS163_Ground3.jpg",
"12938","9","https://fcr.ca/uploads/properties/gallery/CAP300_Ground4.jpg",
"12939","9","https://fcr.ca/uploads/properties/gallery/CAP300_Ground5.jpg",
"12940","9","https://fcr.ca/uploads/properties/gallery/CAP300_Ground6.jpg",
"12941","9","https://fcr.ca/uploads/properties/gallery/CAP300_Ground7.jpg",
"12942","9","https://fcr.ca/uploads/properties/gallery/CAP300_Ground8.jpg",
"12943","9","https://fcr.ca/uploads/properties/gallery/CAP300_Ground1.jpg",
"12944","9","https://fcr.ca/uploads/properties/gallery/CAP300_Aerial.jpg",
"12945","12","https://fcr.ca/uploads/properties/gallery/CAS973_Ground2.jpg",
"12946","12","https://fcr.ca/uploads/properties/gallery/CAS973_Ground1.jpg",
"12947","12","https://fcr.ca/uploads/properties/gallery/CAS973_Ground3.jpg",
"12948","12","https://fcr.ca/uploads/properties/gallery/CAV277_Aerial2.jpg",
"12949","14","https://fcr.ca/uploads/properties/gallery/CBL555_Ground1.JPG",
"12950","14","https://fcr.ca/uploads/properties/gallery/CBL555_Ground2.JPG",
"12951","14","https://fcr.ca/uploads/properties/gallery/CBL555_Ground3.JPG",
"12952","14","https://fcr.ca/uploads/properties/gallery/CBL555_Ground4.JPG",
"12953","14","https://fcr.ca/uploads/properties/gallery/CBL555_Ground6.JPG",
"12954","14","https://fcr.ca/uploads/properties/gallery/CBL555_Ground5.JPG",
"12955","14","https://fcr.ca/uploads/properties/gallery/CBL555_Aerial1.JPG",
"12956","14","https://fcr.ca/uploads/properties/gallery/CBL555_Aerial2.JPG",
"12957","147","https://fcr.ca/uploads/properties/gallery/ECC648_Ground1.jpg",
"12958","147","https://fcr.ca/uploads/properties/gallery/ECC648_Ground2.jpg",
"12959","147","https://fcr.ca/uploads/properties/gallery/ECC648_Aerial1.jpg",
"12960","147","https://fcr.ca/uploads/properties/gallery/ECC648_Aerial2.jpg",
"12992","154","https://fcr.ca/uploads/properties/gallery/EFR392_Ground2.jpg",
"12993","154","https://fcr.ca/uploads/properties/gallery/EFR392_Ground1.jpg",
"12994","160","https://fcr.ca/uploads/properties/gallery/EPP224_Ground1.jpg",
"12995","160","https://fcr.ca/uploads/properties/gallery/EPP224_Ground2.jpg",
"12996","160","https://fcr.ca/uploads/properties/gallery/EPP224_Ground3.jpg",
"12997","160","https://fcr.ca/uploads/properties/gallery/EPP224_Ground4.jpg",
"12998","160","https://fcr.ca/uploads/properties/gallery/EPP224_Aerial1.jpg",
"12999","160","https://fcr.ca/uploads/properties/gallery/EPP224_Aerial2.jpg",
"13051","156","https://fcr.ca/uploads/properties/gallery/ECC040_Ground1.jpg",
"13052","156","https://fcr.ca/uploads/properties/gallery/ECC040_Ground2.jpg",
"13053","156","https://fcr.ca/uploads/properties/gallery/ECC040_Ground3.jpg",
"13054","156","https://fcr.ca/uploads/properties/gallery/ECC040_Ground4.jpg",
"13055","156","https://fcr.ca/uploads/properties/gallery/ECC040_Ground5.jpg",
"13056","156","https://fcr.ca/uploads/properties/gallery/ECC040_Ground6.jpg",
"13057","156","https://fcr.ca/uploads/properties/gallery/ECC040_Aerial1.jpg",
"13058","156","https://fcr.ca/uploads/properties/gallery/ECC040_Aerial2.jpg",
"13059","152","https://fcr.ca/uploads/properties/gallery/EPF383_Ground1.jpg",
"13060","152","https://fcr.ca/uploads/properties/gallery/EPF383_Ground2.jpg",
"13061","152","https://fcr.ca/uploads/properties/gallery/EPF383_Ground3.jpg",
"13062","152","https://fcr.ca/uploads/properties/gallery/EPF383_Aerial.jpg",
"13073","133","https://fcr.ca/uploads/properties/gallery/ECL844_Ground1.jpg",
"13074","133","https://fcr.ca/uploads/properties/gallery/ECL844_Ground2.jpg",
"13075","133","https://fcr.ca/uploads/properties/gallery/ECL844_Ground3.jpg",
"13076","133","https://fcr.ca/uploads/properties/gallery/ECL844_Ground4.jpg",
"13077","133","https://fcr.ca/uploads/properties/gallery/ECL844_Aerial.jpg",
"13081","170","https://fcr.ca/uploads/properties/gallery/ECC405_Ground2.jpg",
"13082","170","https://fcr.ca/uploads/properties/gallery/ECC405_Ground3.jpg",
"13083","170","https://fcr.ca/uploads/properties/gallery/ECC405_Aerial.jpg",
"13121","40","https://fcr.ca/uploads/properties/gallery/CGC902_Ground2.jpg",
"13122","40","https://fcr.ca/uploads/properties/gallery/CGC902_Ground3.jpg",
"13123","40","https://fcr.ca/uploads/properties/gallery/CGC902_Ground4.jpg",
"13124","40","https://fcr.ca/uploads/properties/gallery/CGC902_Ground5.jpg",
"13125","40","https://fcr.ca/uploads/properties/gallery/CGC902_Ground6.jpg",
"13152","186","https://fcr.ca/uploads/properties/gallery/ECS011_Ground1.jpg",
"13153","186","https://fcr.ca/uploads/properties/gallery/ECS011_Ground3.jpg",
"13154","186","https://fcr.ca/uploads/properties/gallery/ECS011_Ground4.jpg",
"13155","186","https://fcr.ca/uploads/properties/gallery/ECS011_Ground6.jpg",
"13156","186","https://fcr.ca/uploads/properties/gallery/ECS011_Ground7.jpg",
"13157","186","https://fcr.ca/uploads/properties/gallery/ECS011_Ground8.jpg",
"13158","186","https://fcr.ca/uploads/properties/gallery/ECS011_Ground2.jpg",
"13159","186","https://fcr.ca/uploads/properties/gallery/ECS011_Ground5.jpg",
"13160","186","https://fcr.ca/uploads/properties/gallery/ECS011_Aerial1.jpg",
"13161","186","https://fcr.ca/uploads/properties/gallery/ECS011_Aerial2.jpg",
"13162","187","https://fcr.ca/uploads/properties/gallery/ECS008_Ground1.jpg",
"13163","187","https://fcr.ca/uploads/properties/gallery/ECS008_Ground2.jpg",
"13164","187","https://fcr.ca/uploads/properties/gallery/ECS008_Ground3.jpg",
"13165","187","https://fcr.ca/uploads/properties/gallery/ECS008_Ground4.jpg",
"13181","66","https://fcr.ca/uploads/properties/gallery/CRO865_Ground1.jpg",
"13182","66","https://fcr.ca/uploads/properties/gallery/CRO865_Ground3.jpg",
"13183","66","https://fcr.ca/uploads/properties/gallery/CRO865_Ground2.jpg",
"13184","66","https://fcr.ca/uploads/properties/gallery/CRO865_aerial.jpg",
"13185","149","https://fcr.ca/uploads/properties/gallery/ECB477_Aerial.jpg",
"13186","149","https://fcr.ca/uploads/properties/gallery/ECB477_GROUND3.JPG",
"13187","149","https://fcr.ca/uploads/properties/gallery/ECB477_GROUND1.jpg",
"13188","149","https://fcr.ca/uploads/properties/gallery/ECB477_GROUND2.jpg",
"13216","132","https://fcr.ca/uploads/properties/gallery/EPB999_Ground1.jpg",
"13217","132","https://fcr.ca/uploads/properties/gallery/EPB999_Ground2.jpg",
"13218","132","https://fcr.ca/uploads/properties/gallery/EPB999_Aerial1.jpg",
"13219","132","https://fcr.ca/uploads/properties/gallery/EPB999_Aerial2.jpg",
"13220","13","https://fcr.ca/uploads/properties/gallery/CAS722_Ground1.JPG",
"13221","13","https://fcr.ca/uploads/properties/gallery/CAS722_Ground2.JPG",
"13222","13","https://fcr.ca/uploads/properties/gallery/CAV277_Aerial2.jpg",
"13269","188","https://fcr.ca/uploads/properties/gallery/ECS011_Ground6.jpg",
"13270","188","https://fcr.ca/uploads/properties/gallery/ECS011_Ground7.jpg",
"13271","188","https://fcr.ca/uploads/properties/gallery/ECS011_Aerial1.jpg",
"13272","188","https://fcr.ca/uploads/properties/gallery/ECS011_Aerial2.jpg",
"13325","257","https://fcr.ca/uploads/properties/gallery/WSL525_Ground1.jpg",
"13326","257","https://fcr.ca/uploads/properties/gallery/WSL525_Aerial1.jpg",
"13327","257","https://fcr.ca/uploads/properties/gallery/WSL525_Aerial2.jpg",
"13328","259","https://fcr.ca/uploads/properties/gallery/WTO025_Ground3.jpg",
"13329","259","https://fcr.ca/uploads/properties/gallery/WTO025_Ground1.jpg",
"13330","259","https://fcr.ca/uploads/properties/gallery/WTO025_Ground2.jpg",
"13331","259","https://fcr.ca/uploads/properties/gallery/WTO025_Aerial.jpg",
"13356","44","https://fcr.ca/uploads/properties/gallery/CHP182_Ground2.jpg",
"13357","44","https://fcr.ca/uploads/properties/gallery/CHP182_Ground3.jpg",
"13358","44","https://fcr.ca/uploads/properties/gallery/CHP182_Ground4.jpg",
"13359","44","https://fcr.ca/uploads/properties/gallery/CHP182_Ground5.jpg",
"13360","44","https://fcr.ca/uploads/properties/gallery/CHP182_Ground6.jpg",
"13361","44","https://fcr.ca/uploads/properties/gallery/CHP182_Ground7.jpg",
"13362","44","https://fcr.ca/uploads/properties/gallery/CHP182_Ground8.jpg",
"13363","44","https://fcr.ca/uploads/properties/gallery/CHP182_Aerial1.jpg",
"13364","44","https://fcr.ca/uploads/properties/gallery/CHP182_Aerial2.jpg",
"13365","44","https://fcr.ca/uploads/properties/gallery/CHP182_Ground1.jpg",
"13366","92","https://fcr.ca/uploads/properties/gallery/CTP685_Ground1.jpg",
"13367","92","https://fcr.ca/uploads/properties/gallery/CTP685_Ground2.jpg",
"13368","92","https://fcr.ca/uploads/properties/gallery/CTP685_Ground7.JPG",
"13369","92","https://fcr.ca/uploads/properties/gallery/CTP685_Ground5.JPG",
"13370","92","https://fcr.ca/uploads/properties/gallery/CTP685_Ground4.JPG",
"13371","92","https://fcr.ca/uploads/properties/gallery/CTP685_Ground3.JPG",
"13393","26","https://fcr.ca/uploads/properties/gallery/CCC493_Ground1.JPG",
"13394","26","https://fcr.ca/uploads/properties/gallery/CCC493_Ground2.JPG",
"13395","26","https://fcr.ca/uploads/properties/gallery/CCC493_Ground3.JPG",
"13396","26","https://fcr.ca/uploads/properties/gallery/CCC493_Ground4.JPG",
"13397","26","https://fcr.ca/uploads/properties/gallery/CCC493_Ground5.JPG",
"13398","26","https://fcr.ca/uploads/properties/gallery/CCC493_Ground6.JPG",
"13399","26","https://fcr.ca/uploads/properties/gallery/CCC493_Ground7.JPG",
"13400","26","https://fcr.ca/uploads/properties/gallery/CCC493_Ground8.JPG",
"13401","26","https://fcr.ca/uploads/properties/gallery/CPC117_Aerial1.jpg",
"13402","26","https://fcr.ca/uploads/properties/gallery/CPC117_Aerial2.jpg",
"13413","50","https://fcr.ca/uploads/properties/gallery/CMG789_Ground3.jpg",
"13414","50","https://fcr.ca/uploads/properties/gallery/CMG789_Ground4.jpg",
"13415","50","https://fcr.ca/uploads/properties/gallery/CMG789_Ground5.jpg",
"13416","50","https://fcr.ca/uploads/properties/gallery/CMG789_Ground6.jpg",
"13417","50","https://fcr.ca/uploads/properties/gallery/CMG789_Ground7.jpg",
"13418","50","https://fcr.ca/uploads/properties/gallery/CMG789_Ground8.jpg",
"13419","50","https://fcr.ca/uploads/properties/gallery/CMG789_Aerial1.jpg",
"13420","50","https://fcr.ca/uploads/properties/gallery/CMG789_Aerial2.jpg",
"13421","50","https://fcr.ca/uploads/properties/gallery/CMG789_Ground1.jpg",
"13422","50","https://fcr.ca/uploads/properties/gallery/CMG789_Ground2.jpg",
"13423","67","https://fcr.ca/uploads/properties/gallery/CRM322_Ground9.jpg",
"13424","67","https://fcr.ca/uploads/properties/gallery/CRM322_Ground2.JPG",
"13425","67","https://fcr.ca/uploads/properties/gallery/CRM322_Ground3.JPG",
"13426","67","https://fcr.ca/uploads/properties/gallery/CRM322_Ground4.JPG",
"13427","67","https://fcr.ca/uploads/properties/gallery/CRM322_Aerial.jpg",
"13506","197","https://stage.fcr.ca/uploads/properties/gallery/WFP001_ground6.jpg",
"13507","197","https://stage.fcr.ca/uploads/properties/gallery/WFP001_ground7.jpg",
"13508","197","https://stage.fcr.ca/uploads/properties/gallery/WFP001_ground8.jpg",
"13509","197","https://stage.fcr.ca/uploads/properties/gallery/WFP001_Ground9.jpg",
"13510","197","https://stage.fcr.ca/uploads/properties/gallery/WFP001_Aerial.jpg",
"13511","209","https://stage.fcr.ca/uploads/properties/gallery/WKS357_ground8.jpg",
"13512","209","https://stage.fcr.ca/uploads/properties/gallery/WKS357_ground7.jpg",
"13513","209","https://stage.fcr.ca/uploads/properties/gallery/WKS357_ground6.jpg",
"13514","209","https://stage.fcr.ca/uploads/properties/gallery/WKS357_ground9.jpg",
"13515","209","https://stage.fcr.ca/uploads/properties/gallery/WKS357_Aerial.jpg",
"13557","117","https://fcr.ca/uploads/properties/gallery/EPR905_Ground1.jpg",
"13558","117","https://fcr.ca/uploads/properties/gallery/EPR905_Ground2.jpg",
"13559","117","https://fcr.ca/uploads/properties/gallery/EPR905_Aerial1.jpg",
"13560","117","https://fcr.ca/uploads/properties/gallery/EPR905_Aerial2.jpg",
"13561","180","https://fcr.ca/uploads/properties/gallery/EPV223_Ground1.jpg",
"13562","180","https://fcr.ca/uploads/properties/gallery/EPV223_Ground3.jpg",
"13563","180","https://fcr.ca/uploads/properties/gallery/EPV223_Ground4.jpg",
"13564","180","https://fcr.ca/uploads/properties/gallery/EPV223_Ground2.jpg",
"13565","180","https://fcr.ca/uploads/properties/gallery/EPV223_Aerial1.jpg",
"13566","180","https://fcr.ca/uploads/properties/gallery/EPV223_Aerial2.jpg",
"13567","111","https://fcr.ca/uploads/properties/gallery/Eagleson-Place_aerial.jpg",
"13601","16","https://fcr.ca/uploads/properties/gallery/CBP360_Ground4.jpg",
"13602","16","https://fcr.ca/uploads/properties/gallery/CBP360_Ground6.jpg",
"13603","16","https://fcr.ca/uploads/properties/gallery/CBP360_Aerial2.jpg",
"13604","36","https://fcr.ca/uploads/properties/gallery/CFP040_Ground1.JPG",
"13605","36","https://fcr.ca/uploads/properties/gallery/CFP040_Ground2.JPG",
"13606","36","https://fcr.ca/uploads/properties/gallery/CFP040_Ground3.JPG",
"13607","36","https://fcr.ca/uploads/properties/gallery/CFP040_Ground6.JPG",
"13608","36","https://fcr.ca/uploads/properties/gallery/CFP040_Ground7.JPG",
"13609","36","https://stage.fcr.ca/uploads/properties/gallery/CFP040_aerial.jpg",
"13615","88","https://stage.fcr.ca/uploads/properties/gallery/CSV601_ground5.jpg",
"13616","88","https://stage.fcr.ca/uploads/properties/gallery/CSV601_ground6.jpg",
"13617","88","https://stage.fcr.ca/uploads/properties/gallery/CSV601_aerial.jpg",
"13632","100","https://fcr.ca/uploads/properties/gallery/CYM801_Ground1.jpg",
"13633","100","https://fcr.ca/uploads/properties/gallery/CYM801_Ground4.jpg",
"13634","100","https://fcr.ca/uploads/properties/gallery/CYM801_Ground5.jpg",
"13635","100","https://fcr.ca/uploads/properties/gallery/CYM801_Ground6.jpg",
"13636","100","https://fcr.ca/uploads/properties/gallery/CYM801_Ground2.jpg",
"13637","100","https://fcr.ca/uploads/properties/gallery/CYM801_Aerial1.jpg",
"13638","100","https://fcr.ca/uploads/properties/gallery/CYM801_Aerial2.jpg",
"13641","101","https://fcr.ca/uploads/properties/gallery/CYM003_Ground1.jpg",
"13642","101","https://fcr.ca/uploads/properties/gallery/CYM003_Ground2.jpg",
"13643","101","https://fcr.ca/uploads/properties/gallery/CYM003_Ground4.jpg",
"13644","101","https://fcr.ca/uploads/properties/gallery/CYM003_Ground5.jpg",
"13645","101","https://fcr.ca/uploads/properties/gallery/CYM003_Ground3.jpg",
"13686","193","https://fcr.ca/uploads/properties/gallery/WNV260_Ground3.jpg",
"13687","193","https://fcr.ca/uploads/properties/gallery/WNV260_Ground2.jpg",
"13688","193","https://fcr.ca/uploads/properties/gallery/WNV260_Ground1.jpg",
"13689","203","https://fcr.ca/uploads/properties/gallery/WRO745_Ground1.jpg",
"13690","203","https://fcr.ca/uploads/properties/gallery/WRO745_Ground2.jpg",
"13691","203","https://fcr.ca/uploads/properties/gallery/WRO745_Ground3.jpg",
"13692","203","https://fcr.ca/uploads/properties/gallery/WRO745_Aerial.jpg",
"13703","235","https://fcr.ca/uploads/properties/gallery/WSC078_Ground3.jpg",
"13704","235","https://fcr.ca/uploads/properties/gallery/WSC078_Ground1.jpg",
"13705","235","https://fcr.ca/uploads/properties/gallery/WSC078_Ground2.jpg",
"13706","238","https://fcr.ca/uploads/properties/gallery/WSG818_Aerial.jpg",
"13707","241","https://fcr.ca/uploads/properties/gallery/WWV530_Ground1.jpg",
"13708","241","https://fcr.ca/uploads/properties/gallery/WWV530_Ground2.jpg",
"13709","241","https://fcr.ca/uploads/properties/gallery/WWV530_Ground3.jpg",
"13767","207","https://stage.fcr.ca/uploads/properties/gallery/WCM846_ground10.jpg",
"13768","207","https://stage.fcr.ca/uploads/properties/gallery/WCM846_Ground8.jpg",
"13769","207","https://stage.fcr.ca/uploads/properties/gallery/WCM846_Ground7.jpg",
"13770","207","https://stage.fcr.ca/uploads/properties/gallery/WCM846_Ground5.jpg",
"13771","207","https://stage.fcr.ca/uploads/properties/gallery/WCM846_aerial.jpg",
"13775","1","https://fcr.ca/uploads/properties/gallery/CLR591_Ground2.jpg",
"13776","1","https://fcr.ca/uploads/properties/gallery/CLR591_Ground3.jpg",
"13777","1","https://fcr.ca/uploads/properties/gallery/CLR591_Ground1.jpg",
"13786","243","https://fcr.ca/uploads/properties/gallery/WBS066_Ground2.jpg",
"13787","243","https://fcr.ca/uploads/properties/gallery/WBS066_Ground3.jpg",
"13788","243","https://fcr.ca/uploads/properties/gallery/WBS066_Ground1.jpg",
"13789","243","https://fcr.ca/uploads/properties/gallery/WBS066_Aerial1.jpg",
"13790","243","https://fcr.ca/uploads/properties/gallery/WBS066_Aerial2.jpg",
"13800","168","https://fcr.ca/uploads/properties/gallery/EPQ154_Ground1.jpg",
"13801","168","https://fcr.ca/uploads/properties/gallery/EPQ154_Ground2.jpg",
"13802","168","https://fcr.ca/uploads/properties/gallery/EPQ154_Ground3.jpg",
"13803","168","https://fcr.ca/uploads/properties/gallery/EPQ154_Aerial1.jpg",
"13804","168","https://fcr.ca/uploads/properties/gallery/EPQ154_Aerial2.jpg",
"13825","162","https://fcr.ca/uploads/properties/gallery/272EPN_Ground1.jpg",
"13826","162","https://fcr.ca/uploads/properties/gallery/272EPN_Ground2.jpg",
"13827","162","https://fcr.ca/uploads/properties/gallery/272EPN_Ground3.jpg",
"13828","162","https://fcr.ca/uploads/properties/gallery/272EPN_Aerial1.jpg",
"13829","162","https://fcr.ca/uploads/properties/gallery/272EPN_Aerial2.jpg",
"13835","219","https://fcr.ca/uploads/properties/gallery/WSD664_Ground1.jpg",
"13836","219","https://fcr.ca/uploads/properties/gallery/WSD664_Ground2.jpg",
"13837","219","https://fcr.ca/uploads/properties/gallery/WSD664_Ground3.jpg",
"13838","219","https://fcr.ca/uploads/properties/gallery/WSD664_GRound4.jpg",
"13839","201","https://fcr.ca/uploads/properties/gallery/WLP837_Ground4.jpg",
"13840","201","https://fcr.ca/uploads/properties/gallery/WLP837_Ground5.jpg",
"13841","201","https://fcr.ca/uploads/properties/gallery/WLP837_Ground1.jpg",
"13842","201","https://fcr.ca/uploads/properties/gallery/WLP837_Ground2.jpg",
"13843","201","https://fcr.ca/uploads/properties/gallery/WLP837_Ground3.jpg",
"13844","201","https://fcr.ca/uploads/properties/gallery/WLP837_Aerial.jpg",
"13845","200","https://fcr.ca/uploads/properties/gallery/WRS854_Ground3.jpg",
"13846","200","https://fcr.ca/uploads/properties/gallery/WRS854_Ground4.jpg",
"13847","200","https://fcr.ca/uploads/properties/gallery/WRS854_Ground5.jpg",
"13848","200","https://fcr.ca/uploads/properties/gallery/WRS854_Ground6.jpg",
"13849","200","https://fcr.ca/uploads/properties/gallery/WRS854_Ground2.jpg",
"13855","198","https://fcr.ca/uploads/properties/gallery/WGP027_Ground3.jpg",
"13856","198","https://fcr.ca/uploads/properties/gallery/WGP027_Ground1.jpg",
"13857","198","https://stage.fcr.ca/uploads/properties/gallery/WGP027_Ground2.jpg",
"13858","198","https://stage.fcr.ca/uploads/properties/gallery/WGP027_aerial.jpg",
"13859","199","https://stage.fcr.ca/uploads/properties/gallery/WLP917_Ground3.jpg",
"13860","199","https://stage.fcr.ca/uploads/properties/gallery/WLP917_Ground4.jpg",
"13861","199","https://stage.fcr.ca/uploads/properties/gallery/WLP917_Ground5.jpg",
"13862","199","https://stage.fcr.ca/uploads/properties/gallery/WLP917_Ground1.jpg",
"13863","199","https://stage.fcr.ca/uploads/properties/gallery/WLP917_Aerial.jpg",
"13864","205","https://fcr.ca/uploads/properties/gallery/WSA546_Ground1.jpg",
"13865","205","https://fcr.ca/uploads/properties/gallery/WSA546_Ground2.jpg",
"13866","213","https://fcr.ca/uploads/properties/gallery/WMR215_Ground3.jpg",
"13867","213","https://fcr.ca/uploads/properties/gallery/WMR215_Ground4.jpg",
"13868","213","https://fcr.ca/uploads/properties/gallery/WMR215_Ground5.jpg",
"13869","213","https://fcr.ca/uploads/properties/gallery/WMR215_Ground6.jpg",
"13870","213","https://fcr.ca/uploads/properties/gallery/WMR215_Ground7.jpg",
"13871","213","https://fcr.ca/uploads/properties/gallery/WMR215_Ground8.jpg",
"13872","213","https://fcr.ca/uploads/properties/gallery/WMR215_Ground1.jpg",
"13873","213","https://fcr.ca/uploads/properties/gallery/WMR215_Aerial.jpg",
"13874","213","https://fcr.ca/uploads/properties/gallery/WMR215_Ground9.jpg",
"13880","214","https://fcr.ca/uploads/properties/gallery/WSA855_Ground1.jpg",
"13881","214","https://fcr.ca/uploads/properties/gallery/WSA855_Ground2.jpg",
"13882","214","https://fcr.ca/uploads/properties/gallery/WSA855_Ground3.jpg",
"13883","214","https://fcr.ca/uploads/properties/gallery/WSA855_Ground4.jpg",
"13884","214","https://fcr.ca/uploads/properties/gallery/WSA855_Ground5.jpg",
"13885","215","https://fcr.ca/uploads/properties/gallery/WMR627_Ground4.jpg",
"13886","215","https://fcr.ca/uploads/properties/gallery/WMR627_Ground5.jpg",
"13887","215","https://fcr.ca/uploads/properties/gallery/WMR627_Ground3.jpg",
"13899","246","https://fcr.ca/uploads/properties/gallery/WGA550_Ground1.jpg",
"13900","246","https://fcr.ca/uploads/properties/gallery/WGA550_Ground2.jpg",
"13901","246","https://fcr.ca/uploads/properties/gallery/WGA550_Ground3.jpg",
"13902","250","https://fcr.ca/uploads/properties/gallery/WGS009_Ground1.jpg",
"13903","250","https://fcr.ca/uploads/properties/gallery/WGS009_Ground2.jpg",
"13904","245","https://fcr.ca/uploads/properties/gallery/WLC898_Ground1.jpg",
"13905","245","https://fcr.ca/uploads/properties/gallery/WLC898_Ground2.jpg",
"13906","245","https://fcr.ca/uploads/properties/gallery/WLC898_Ground3.jpg",
"13907","247","https://fcr.ca/uploads/properties/gallery/WLP880_Ground1.jpg",
"13908","247","https://fcr.ca/uploads/properties/gallery/WLP880_Ground3.jpg",
"13909","247","https://fcr.ca/uploads/properties/gallery/WLP880_Ground4.jpg",
"13910","247","https://fcr.ca/uploads/properties/gallery/WLP880_Ground2.jpg",
"13911","249","https://fcr.ca/uploads/properties/gallery/WMC316_Ground1.jpg",
"13912","249","https://fcr.ca/uploads/properties/gallery/WMC316_Ground2.jpg",
"13913","249","https://fcr.ca/uploads/properties/gallery/WMC316_Ground3.jpg",
"13914","249","https://fcr.ca/uploads/properties/gallery/WMC316_Ground4.jpg",
"13915","254","https://fcr.ca/uploads/properties/gallery/WPP138_Ground1.jpg",
"13916","254","https://fcr.ca/uploads/properties/gallery/WPP138_Ground2.jpg",
"13917","254","https://fcr.ca/uploads/properties/gallery/WPP138_Ground3.jpg",
"13918","254","https://fcr.ca/uploads/properties/gallery/WPP138_GRound4.jpg",
"13919","254","https://fcr.ca/uploads/properties/gallery/WPP138_GRound5.jpg",
"13920","253","https://fcr.ca/uploads/properties/gallery/WNC108_Ground2.jpg",
"13921","253","https://fcr.ca/uploads/properties/gallery/WNC108_Ground1.jpg",
"13922","253","https://fcr.ca/uploads/properties/gallery/WNC108_Ground3.jpg",
"13930","196","https://stage.fcr.ca/uploads/properties/gallery/WDV680_Ground2.jpg",
"13931","196","https://stage.fcr.ca/uploads/properties/gallery/WDV680_Ground5.jpg",
"13932","196","https://stage.fcr.ca/uploads/properties/gallery/WDV680_Ground4.jpg",
"13933","196","https://stage.fcr.ca/uploads/properties/gallery/WDV680_Aerial.jpg",
"13938","224","https://stage.fcr.ca/uploads/properties/gallery/WGV846_Ground4.jpg",
"13939","224","https://stage.fcr.ca/uploads/properties/gallery/WGV846_Ground7.jpg",
"13940","224","https://stage.fcr.ca/uploads/properties/gallery/WGV846_Ground6.jpg",
"13941","224","https://stage.fcr.ca/uploads/properties/gallery/WGV846_ground5.jpg",
"13942","224","https://stage.fcr.ca/uploads/properties/gallery/WGV846_Aerial1.jpg",
"13943","225","https://stage.fcr.ca/uploads/properties/gallery/WKM276_ground5.jpg",
"13944","225","https://stage.fcr.ca/uploads/properties/gallery/WKM276_ground7.jpg",
"13945","225","https://stage.fcr.ca/uploads/properties/gallery/WKM276_ground8.jpg",
"13946","225","https://stage.fcr.ca/uploads/properties/gallery/WKM276_ground9.jpg",
"13947","225","https://stage.fcr.ca/uploads/properties/gallery/WKM276_aerial.jpg",
"13953","226","https://fcr.ca/uploads/properties/gallery/WLS754_Ground2.jpg",
"13954","226","https://fcr.ca/uploads/properties/gallery/WLS754_Ground1.jpg",
"13955","226","https://fcr.ca/uploads/properties/gallery/WLS754_Ground3.jpg",
"13956","226","https://fcr.ca/uploads/properties/gallery/WLS754_Aerial1.jpg",
"13957","226","https://fcr.ca/uploads/properties/gallery/WLS754_Aerial2.jpg",
"13958","227","https://fcr.ca/uploads/properties/gallery/WMH627_Ground2.jpg",
"13959","227","https://fcr.ca/uploads/properties/gallery/WMH627_Ground3.jpg",
"13960","227","https://fcr.ca/uploads/properties/gallery/WMH627_Ground4.jpg",
"13961","227","https://fcr.ca/uploads/properties/gallery/WMH627_Ground5.jpg",
"13962","227","https://fcr.ca/uploads/properties/gallery/WMH627_Ground1.jpg",
"13963","227","https://fcr.ca/uploads/properties/gallery/WMH627_Aerial.jpg",
"13964","228","https://fcr.ca/uploads/properties/gallery/WNC330_Ground1.jpg",
"13965","228","https://fcr.ca/uploads/properties/gallery/WNC330_Ground2.jpg",
"13966","228","https://fcr.ca/uploads/properties/gallery/WNC330_Aerial1.jpg",
"13967","232","https://fcr.ca/uploads/properties/gallery/WOS642_Ground3.jpg",
"13968","232","https://fcr.ca/uploads/properties/gallery/WOS642_Ground1.jpg",
"13969","232","https://fcr.ca/uploads/properties/gallery/WOS642_Ground2.jpg",
"13970","232","https://fcr.ca/uploads/properties/gallery/WOS642_Aerial1.jpg",
"13971","232","https://fcr.ca/uploads/properties/gallery/WOS642_Aerial2.jpg",
"13972","202","https://fcr.ca/uploads/properties/gallery/WRD257_Ground2.jpg",
"13973","202","https://fcr.ca/uploads/properties/gallery/WRD257_Ground3.jpg",
"13974","202","https://fcr.ca/uploads/properties/gallery/WRD257_Ground5.jpg",
"13975","202","https://fcr.ca/uploads/properties/gallery/WRD257_Ground6.jpg",
"13976","202","https://fcr.ca/uploads/properties/gallery/WRD257_Ground7.jpg",
"13977","202","https://fcr.ca/uploads/properties/gallery/WRD257_Ground8.jpg",
"13978","202","https://fcr.ca/uploads/properties/gallery/WRD257_Ground1.jpg",
"13979","202","https://fcr.ca/uploads/properties/gallery/WRD257_Ground4.jpg",
"13980","202","https://fcr.ca/uploads/properties/gallery/WRD257_Aerial1.jpg",
"13981","202","https://fcr.ca/uploads/properties/gallery/WRD257_Aerial2.jpg",
"13982","237","https://fcr.ca/uploads/properties/gallery/WSP332_Ground2.jpg",
"13983","237","https://fcr.ca/uploads/properties/gallery/WSP332_Ground1.jpg",
"13984","237","https://fcr.ca/uploads/properties/gallery/WSP332_Ground3.jpg",
"13985","237","https://fcr.ca/uploads/properties/gallery/WSP332_Aerial.jpg",
"13986","234","https://fcr.ca/uploads/properties/gallery/WSC652_Ground3.jpg",
"13987","234","https://fcr.ca/uploads/properties/gallery/WSC652_Ground4.jpg",
"13988","234","https://fcr.ca/uploads/properties/gallery/WSC652_Ground1.jpg",
"13989","234","https://fcr.ca/uploads/properties/gallery/WSC652_Ground2.jpg",
"13990","234","https://fcr.ca/uploads/properties/gallery/WSC652_Aerial.jpg",
"13991","233","https://fcr.ca/uploads/properties/gallery/WVM698_Ground3.jpg",
"13992","233","https://fcr.ca/uploads/properties/gallery/WVM698_Ground4.jpg",
"13993","233","https://fcr.ca/uploads/properties/gallery/WVM698_Ground5.jpg",
"13994","233","https://fcr.ca/uploads/properties/gallery/WVM698_Ground1.jpg",
"13995","233","https://fcr.ca/uploads/properties/gallery/WVM698_Ground2.jpg",
"13996","233","https://fcr.ca/uploads/properties/gallery/WVM698_Aerial.jpg",
"14001","265","https://fcr.ca/uploads/properties/gallery/WFC185_Ground2.jpg",
"14002","265","https://fcr.ca/uploads/properties/gallery/WFC185_Ground3.jpg",
"14003","265","https://fcr.ca/uploads/properties/gallery/WFC185_Ground1.jpg",
"14004","265","https://fcr.ca/uploads/properties/gallery/WFC185_Ground4.jpg",
"14005","265","https://fcr.ca/uploads/properties/gallery/WFC185_GRound5.jpg",
"14006","265","https://fcr.ca/uploads/properties/gallery/WFC185_Aerial1.jpg",
"14007","265","https://fcr.ca/uploads/properties/gallery/WFC185_Aerial2.jpg",
"14008","240","https://fcr.ca/uploads/properties/gallery/WSC277_Ground2.jpg",
"14009","240","https://fcr.ca/uploads/properties/gallery/WSC277_Ground3.jpg",
"14010","240","https://fcr.ca/uploads/properties/gallery/WSC277_Ground4.jpg",
"14011","240","https://fcr.ca/uploads/properties/gallery/WSC277_Ground5.jpg",
"14012","240","https://fcr.ca/uploads/properties/gallery/WSC277_Ground6.jpg",
"14013","240","https://fcr.ca/uploads/properties/gallery/WSC277_Ground1.jpg",
"14014","240","https://fcr.ca/uploads/properties/gallery/WSC277_Aerial1.jpg",
"14015","240","https://fcr.ca/uploads/properties/gallery/WSC277_Aerial2.jpg",
"14016","229","https://fcr.ca/uploads/properties/gallery/WBD627_Ground2.jpg",
"14017","229","https://fcr.ca/uploads/properties/gallery/WBD627_Ground3.jpg",
"14018","229","https://fcr.ca/uploads/properties/gallery/WBD627_Ground1.jpg",
"14019","229","https://fcr.ca/uploads/properties/gallery/WBD627_Aerial.jpg",
"14026","53","https://fcr.ca/uploads/properties/gallery/CMT085_Ground1.jpg",
"14027","53","https://fcr.ca/uploads/properties/gallery/CMT085_Ground2.jpg",
"14028","53","https://fcr.ca/uploads/properties/gallery/CMT085_Ground3.jpg",
"14029","53","https://fcr.ca/uploads/properties/gallery/CMT085_Ground4.jpg",
"14030","53","https://fcr.ca/uploads/properties/gallery/CMT085_Ground5.jpg",
"14031","53","https://fcr.ca/uploads/properties/gallery/CMT085_Ground6.jpg",
"14032","53","https://fcr.ca/uploads/properties/gallery/CMT085_Ground7.jpg",
"14033","53","https://fcr.ca/uploads/properties/gallery/CMT085_Ground8.jpg",
"14034","53","https://fcr.ca/uploads/properties/gallery/CMT085_Aerial1.jpg",
"14035","53","https://fcr.ca/uploads/properties/gallery/CMT085_Aerial2.jpg",
"14053","206","https://fcr.ca/uploads/properties/gallery/WHR_Ground2.jpg",
"14054","206","https://fcr.ca/uploads/properties/gallery/WHR_Ground3.jpg",
"14055","206","https://fcr.ca/uploads/properties/gallery/WHR_Ground1.jpg",
"14056","210","https://fcr.ca/uploads/properties/gallery/WMT885_Ground3.jpg",
"14057","210","https://fcr.ca/uploads/properties/gallery/WMT885_Ground4.jpg",
"14058","210","https://fcr.ca/uploads/properties/gallery/WMT885_Ground1.jpg",
"14059","210","https://fcr.ca/uploads/properties/gallery/WMT885_Ground2.jpg",
"14060","210","https://fcr.ca/uploads/properties/gallery/WMT885_Aerial.jpg",
"14061","208","https://fcr.ca/uploads/properties/gallery/GM-Glenbow_hero.jpg",
"14062","208","https://fcr.ca/uploads/properties/gallery/GM-Glenbow_aerial.jpg",
"14063","208","https://stage.fcr.ca/uploads/properties/gallery/WGM357_Ground2.jpg",
"14064","208","https://stage.fcr.ca/uploads/properties/gallery/WGM357_Ground1.jpg",
"14065","208","https://stage.fcr.ca/uploads/properties/gallery/WGM357_Ground3.jpg",
"14066","208","https://stage.fcr.ca/uploads/properties/gallery/WGM357_Ground4.jpg",
"14067","217","https://fcr.ca/uploads/properties/gallery/WMR615_Ground1.jpg",
"14068","217","https://fcr.ca/uploads/properties/gallery/WMR615_Ground2.jpg",
"14069","217","https://fcr.ca/uploads/properties/gallery/WMR615_Ground3.jpg",
"14070","217","https://fcr.ca/uploads/properties/gallery/WMR615_Ground4.jpg",
"14071","217","https://fcr.ca/uploads/properties/gallery/WMR615_GRound5.jpg",
"14082","57","https://fcr.ca/uploads/properties/gallery/CMC208_Ground2.jpg",
"14083","57","https://fcr.ca/uploads/properties/gallery/CMC208_Ground4.jpg",
"14084","57","https://fcr.ca/uploads/properties/gallery/CMC208_Ground5.jpg",
"14085","57","https://fcr.ca/uploads/properties/gallery/CMC208_Ground6.jpg",
"14086","57","https://fcr.ca/uploads/properties/gallery/CMC208_Ground7.jpg",
"14087","57","https://fcr.ca/uploads/properties/gallery/CMC208_Ground8.jpg",
"14088","57","https://stage.fcr.ca/uploads/properties/gallery/Morningside Crossing - Kingston Square - West Hill - 5940 - outlined - April.jpg",
"14089","11","https://fcr.ca/uploads/properties/gallery/CAV277_Ground2.jpg",
"14090","11","https://fcr.ca/uploads/properties/gallery/CAV277_Ground4.jpg",
"14091","11","https://fcr.ca/uploads/properties/gallery/CAV277_Ground5.jpg",
"14092","11","https://fcr.ca/uploads/properties/gallery/CAV277_Aerial2.jpg",
"14093","18","https://fcr.ca/uploads/properties/gallery/CBT039_Ground2.jpg",
"14094","18","https://fcr.ca/uploads/properties/gallery/CBT039_Ground3.jpg",
"14095","18","https://fcr.ca/uploads/properties/gallery/CBT039_Ground1.jpg",
"14096","18","https://fcr.ca/uploads/properties/gallery/CBT039_Aerial1.jpg",
"14097","18","https://fcr.ca/uploads/properties/gallery/CBT039_Aerial2.jpg",
"14120","15","https://stage.fcr.ca/uploads/properties/gallery/2103.JPG",
"14121","15","https://stage.fcr.ca/uploads/properties/gallery/2107.JPG",
"14122","15","https://stage.fcr.ca/uploads/properties/gallery/10411---Brampton-Corners-Sept-2011-1.jpg",
"14123","15","https://stage.fcr.ca/uploads/properties/gallery/10411---Brampton-Corners-Sept-2011-2.jpg",
"14124","15","https://stage.fcr.ca/uploads/properties/gallery/10411---Brampton-Corners-Sept-2011-5.jpg",
"14125","15","https://stage.fcr.ca/uploads/properties/gallery/10411---Brampton-Corners-Sept-2011-15.jpg",
"14126","15","https://stage.fcr.ca/uploads/properties/gallery/Brampton_Corners__OUTLINE-S1.JPG",
"14127","135","https://fcr.ca/uploads/properties/gallery/EGP527_Ground1.jpg",
"14128","135","https://fcr.ca/uploads/properties/gallery/EGP527_Ground2.jpg",
"14129","135","https://fcr.ca/uploads/properties/gallery/EGP527_Ground3.jpg",
"14130","135","https://fcr.ca/uploads/properties/gallery/EGP527_Ground4.jpg",
"14131","135","https://fcr.ca/uploads/properties/gallery/EGP527_Ground5.jpg",
"14132","135","https://fcr.ca/uploads/properties/gallery/EGP527_Ground6.jpg",
"14133","135","https://fcr.ca/uploads/properties/gallery/EGP527_Aerial1.jpg",
"14134","135","https://fcr.ca/uploads/properties/gallery/EGP527_Aerial2.jpg",
"14142","271","https://fcr.ca/uploads/properties/gallery/WSN578_Ground2.jpg",
"14143","271","https://fcr.ca/uploads/properties/gallery/WSN578_Ground3.jpg",
"14144","271","https://fcr.ca/uploads/properties/gallery/WSN578_Ground4.jpg",
"14145","271","https://fcr.ca/uploads/properties/gallery/WSN578_Ground5.jpg",
"14146","271","https://fcr.ca/uploads/properties/gallery/WSN578_Ground6.jpg",
"14147","271","https://fcr.ca/uploads/properties/gallery/WSN578_Aerial1.jpg",
"14148","271","https://fcr.ca/uploads/properties/gallery/WSN578_Aerial2.jpg",
"14158","242","https://fcr.ca/uploads/properties/gallery/WBR618_Ground3.jpg",
"14159","242","https://fcr.ca/uploads/properties/gallery/WBR618_Ground1.jpg",
"14160","242","https://fcr.ca/uploads/properties/gallery/WBR618_Ground2.jpg",
"14161","32","https://fcr.ca/uploads/properties/gallery/CDC523_Ground2.jpg",
"14162","32","https://fcr.ca/uploads/properties/gallery/CDC523_Ground3.jpg",
"14163","32","https://fcr.ca/uploads/properties/gallery/CDC523_Ground4.jpg",
"14164","32","https://fcr.ca/uploads/properties/gallery/CDC523_Ground5.jpg",
"14165","32","https://fcr.ca/uploads/properties/gallery/CDC523_Ground6.jpg",
"14166","32","https://fcr.ca/uploads/properties/gallery/CDC523_Ground8.jpg",
"14167","32","https://fcr.ca/uploads/properties/gallery/CDC246_Aerial2.jpg",
"14168","269","https://fcr.ca/uploads/properties/gallery/WPP932_Ground3.jpg",
"14169","269","https://fcr.ca/uploads/properties/gallery/WPP932_Ground2.jpg",
"14170","269","https://fcr.ca/uploads/properties/gallery/WPP932_Aerial1.jpg",
"14171","269","https://fcr.ca/uploads/properties/gallery/WPP932_Aerial2.jpg",
"14173","266","https://fcr.ca/uploads/properties/gallery/WHF250_Ground5.jpg",
"14174","266","https://fcr.ca/uploads/properties/gallery/WHF250_Ground6.jpg",
"14175","266","https://fcr.ca/uploads/properties/gallery/WHF250_Ground1.jpg",
"14176","266","https://fcr.ca/uploads/properties/gallery/WHF250_Ground3.jpg",
"14177","266","https://fcr.ca/uploads/properties/gallery/WHF250_Aerial1.jpg",
"14178","266","https://fcr.ca/uploads/properties/gallery/WHF250_Aerial2.jpg",
"14179","251","https://fcr.ca/uploads/properties/gallery/WLC282_Aerial.jpg",
"14180","252","https://fcr.ca/uploads/properties/gallery/Langely web.jpg",
"14181","260","https://fcr.ca/uploads/properties/gallery/WPV323_Ground3.jpg",
"14182","260","https://fcr.ca/uploads/properties/gallery/WPV323_Ground1.jpg",
"14183","260","https://fcr.ca/uploads/properties/gallery/WPV323_Aerial.jpg",
"14184","255","https://fcr.ca/uploads/properties/gallery/WSS890_Ground3.jpg",
"14185","255","https://fcr.ca/uploads/properties/gallery/WSS890_Ground1.jpg",
"14186","255","https://fcr.ca/uploads/properties/gallery/WSS890_Ground2.jpg",
"14187","255","https://fcr.ca/uploads/properties/gallery/WSS890_Aerial1.jpg",
"14188","255","https://fcr.ca/uploads/properties/gallery/WSS890_Aerial2.jpg",
"14189","256","https://fcr.ca/uploads/properties/gallery/WSS487_Ground2.jpg",
"14190","256","https://fcr.ca/uploads/properties/gallery/WSS487_Ground3.jpg",
"14191","256","https://fcr.ca/uploads/properties/gallery/WSS487_Ground4.jpg",
"14192","256","https://fcr.ca/uploads/properties/gallery/WSS487_Ground5.jpg",
"14193","256","https://fcr.ca/uploads/properties/gallery/WSS487_Ground1.jpg",
"14194","273","https://fcr.ca/uploads/properties/gallery/WTV783_Ground1.jpg",
"14195","273","https://fcr.ca/uploads/properties/gallery/WTV783_Ground2.jpg",
"14196","273","https://fcr.ca/uploads/properties/gallery/WTV783_Ground3.jpg",
"14197","273","https://fcr.ca/uploads/properties/gallery/WTV783_Aerial1.jpg",
"14214","139","https://fcr.ca/uploads/properties/gallery/EGL695_Ground2.jpg",
"14215","139","https://fcr.ca/uploads/properties/gallery/EGL695_Ground4.jpg",
"14216","139","https://fcr.ca/uploads/properties/gallery/EGL695_Ground5.jpg",
"14217","139","https://fcr.ca/uploads/properties/gallery/EGL695_Ground8.jpg",
"14218","139","https://fcr.ca/uploads/properties/gallery/7239_Galeries_de_Lanaudiere_ 7_OUTLINED_.jpg",
"14219","143","https://fcr.ca/uploads/properties/gallery/EGC361_Ground2.jpg",
"14220","143","https://fcr.ca/uploads/properties/gallery/EGC361_Ground4.jpg",
"14221","143","https://fcr.ca/uploads/properties/gallery/EGC361_Ground1.jpg",
"14232","184","https://fcr.ca/uploads/properties/gallery/ECS035_Ground1.jpg",
"14233","184","https://fcr.ca/uploads/properties/gallery/ECS035_Ground2.jpg",
"14234","184","https://fcr.ca/uploads/properties/gallery/ECS035_Ground3.jpg",
"14235","184","https://fcr.ca/uploads/properties/gallery/ECS035_Ground4.jpg",
"14236","184","https://fcr.ca/uploads/properties/gallery/ECS035_Aerial1.jpg",
"14237","184","https://fcr.ca/uploads/properties/gallery/ECS035_Aerial2.jpg",
"14238","5","https://fcr.ca/uploads/properties/gallery/CYS114_Ground1.jpg",
"14239","5","https://fcr.ca/uploads/properties/gallery/CYS114_Ground2.jpg",
"14240","5","https://fcr.ca/uploads/properties/gallery/CYS114_Ground3.jpg",
"14241","258","https://fcr.ca/uploads/properties/gallery/WTN442_Ground3.jpg",
"14242","258","https://fcr.ca/uploads/properties/gallery/WTN442_Ground2.jpg",
"14243","258","https://fcr.ca/uploads/properties/gallery/WTN442_Aerial.jpg",
"14248","278","https://fcr.ca/uploads/properties/gallery/ECS011_Ground2.jpg",
"14249","278","https://fcr.ca/uploads/properties/gallery/ECS011_Ground4.jpg",
"14250","278","https://fcr.ca/uploads/properties/gallery/ECS011_Ground5.jpg",
"14251","278","https://fcr.ca/uploads/properties/gallery/ECS011_Ground8.jpg",
"14252","278","https://fcr.ca/uploads/properties/gallery/ECS011_Ground3.jpg",
"14253","278","https://fcr.ca/uploads/properties/gallery/ECS011_Ground6.jpg",
"14254","278","https://stage.fcr.ca/uploads/properties/gallery/7271_FCR_Air_St_David_ 19_OUTLINED.jpg",
"14255","177","https://fcr.ca/uploads/properties/gallery/ELC572_Ground2.jpg",
"14256","177","https://fcr.ca/uploads/properties/gallery/ELC572_Ground3.jpg",
"14257","177","https://fcr.ca/uploads/properties/gallery/ELC572_Aerial1.jpg",
"14258","177","https://fcr.ca/uploads/properties/gallery/ELC572_Ground1.jpg",
"14259","121","https://fcr.ca/uploads/properties/gallery/EGP921_Aerial1.jpg",
"14260","121","https://fcr.ca/uploads/properties/gallery/EGP921_Aerial2.jpg",
"14261","122","https://fcr.ca/uploads/properties/gallery/EGB163_Ground1.jpg",
"14262","122","https://fcr.ca/uploads/properties/gallery/EGB163_Ground2.jpg",
"14263","122","https://fcr.ca/uploads/properties/gallery/EGB163_Ground3.jpg",
"14264","122","https://fcr.ca/uploads/properties/gallery/EGB163_Aerial.jpg",
"14265","123","https://fcr.ca/uploads/properties/gallery/EGB493_Ground2.jpg",
"14266","123","https://fcr.ca/uploads/properties/gallery/EGB493_Ground3.jpg",
"14267","123","https://fcr.ca/uploads/properties/gallery/EGB493_Ground4.jpg",
"14268","123","https://fcr.ca/uploads/properties/gallery/EGB493_aerial1.JPG",
"14269","123","https://fcr.ca/uploads/properties/gallery/EGB493_Aerial2.jpg",
"14270","178","https://fcr.ca/uploads/properties/gallery/EPD982_Ground2.jpg",
"14271","178","https://fcr.ca/uploads/properties/gallery/EPD982_Ground3.jpg",
"14272","178","https://fcr.ca/uploads/properties/gallery/EPD982_Ground1.jpg",
"14273","178","https://fcr.ca/uploads/properties/gallery/EPD982_aerial1.jpg",
"14274","157","https://fcr.ca/uploads/properties/gallery/EGN224_Ground1.jpg",
"14275","157","https://fcr.ca/uploads/properties/gallery/EGN224_Ground2.jpg",
"14276","157","https://fcr.ca/uploads/properties/gallery/EGN224_Ground3.jpg",
"14277","157","https://fcr.ca/uploads/properties/gallery/EGN224_Ground4.jpg",
"14278","157","https://fcr.ca/uploads/properties/gallery/EGN224_Ground5.jpg",
"14279","157","https://fcr.ca/uploads/properties/gallery/EGN224_Ground6.jpg",
"14280","157","https://fcr.ca/uploads/properties/gallery/EGN224_Aerial1.jpg",
"14281","157","https://fcr.ca/uploads/properties/gallery/EGN224_Aerial2.jpg",
"14282","158","https://fcr.ca/uploads/properties/gallery/EFD318_Ground1.jpg",
"14283","158","https://fcr.ca/uploads/properties/gallery/EFD318_Ground2.jpg",
"14284","158","https://fcr.ca/uploads/properties/gallery/EFD318_Ground3.jpg",
"14285","158","https://fcr.ca/uploads/properties/gallery/EFD318_Aerial1.jpg",
"14286","158","https://fcr.ca/uploads/properties/gallery/EFD318_Aerial2.jpg",
"14287","138","https://fcr.ca/uploads/properties/gallery/EMV546_Ground1.jpg",
"14288","138","https://fcr.ca/uploads/properties/gallery/EMV546_Ground2.jpg",
"14289","138","https://fcr.ca/uploads/properties/gallery/EMV546_Aerial.jpg",
"14290","179","https://fcr.ca/uploads/properties/gallery/EPL927_Ground1.jpg",
"14291","179","https://fcr.ca/uploads/properties/gallery/EPL927_Ground2.jpg",
"14292","179","https://fcr.ca/uploads/properties/gallery/EPL927_Aerial.jpg",
"14293","159","https://fcr.ca/uploads/properties/gallery/EJM603_Ground1.jpg",
"14294","159","https://fcr.ca/uploads/properties/gallery/EJM603_Ground2.jpg",
"14295","159","https://fcr.ca/uploads/properties/gallery/EJM603_Ground3.jpg",
"14296","159","https://fcr.ca/uploads/properties/gallery/EJM603_Ground4.jpg",
"14297","159","https://fcr.ca/uploads/properties/gallery/EJM603_Aerial1.jpg",
"14298","159","https://fcr.ca/uploads/properties/gallery/EJM603_Aerial2.jpg",
"14299","72","https://fcr.ca/uploads/properties/gallery/CLI002_Ground1.jpg",
"14300","72","https://fcr.ca/uploads/properties/gallery/CLI002_Ground3.jpg",
"14301","72","https://fcr.ca/uploads/properties/gallery/CLI002_Ground5.jpg",
"14306","70","https://fcr.ca/uploads/properties/gallery/CSK968_Ground3.jpg",
"14307","70","https://fcr.ca/uploads/properties/gallery/CSK968_Aerial1.jpg",
"14308","70","https://fcr.ca/uploads/properties/gallery/CSK968_Aerial2.jpg",
